| Run on Tue Jul  4 18:45:10 2023
| GB non-polar solvation energies calculated with gbsa=2
idecomp = 1: Per-residue decomp adding 1-4 interactions to Internal.
Energy Decomposition Analysis (All units kcal/mol): Generalized Born solvent
DELTAS:
Total Energy Decomposition:
Residue,Location,Internal,,,van der Waals,,,Electrostatic,,,Polar Solvation,,,Non-Polar Solv.,,,TOTAL,,
,,Avg.,Std. Dev.,Std. Err. of Mean,Avg.,Std. Dev.,Std. Err. of Mean,Avg.,Std. Dev.,Std. Err. of Mean,Avg.,Std. Dev.,Std. Err. of Mean,Avg.,Std. Dev.,Std. Err. of Mean
ILE   1,R ILE   1,0.0,0.0,0.0,0.0,0.0,0.0,-3.4548712871287135,0.10043673575162498,0.009993828733616008,3.453663366336633,0.10033402404342913,0.009983608536663522,0.0,0.0,0.0,-0.0012079207920804732,0.0005855830923823102,5.8267695487857046e-05
TRP   2,R TRP   2,0.0,0.0,0.0,-2.970297029701324e-05,0.0001697666158363638,1.6892409641327407e-05,0.0028811881188118495,0.012811108367283034,0.0012747529273256992,-0.0028217821782178607,0.012774817461720411,0.0012711418472555784,0.0,0.0,0.0,2.9702970296938494e-05,0.0006364419279211845,6.332833876905239e-05
GLU   3,R GLU   3,0.0,0.0,0.0,-1.9801980198026416e-05,0.00013931927999480187,1.386278649081064e-05,4.059504950495049,0.2196514170793951,0.02185613288763237,-4.057059405940593,0.21912399047938796,0.021803651979421062,0.0,0.0,0.0,0.00242574257425733,0.0008003283318002822,7.963564545200008e-05
LEU   4,R LEU   4,0.0,0.0,0.0,0.0,0.0,0.0,0.07193069306930623,0.013097696438492498,0.0013032695062380958,-0.07168316831683166,0.012988899063148483,0.0012924437627716426,0.0,0.0,0.0,0.0002475247524745783,0.0006037168799770256,6.007207479346809e-05
LYS   5,R LYS   5,0.0,0.0,0.0,-3.960396039603524e-05,0.00019502688716425783,1.940590058193237e-05,-4.720732673267328,0.23279179033059538,0.023163648895450854,4.716534653465347,0.23196421558935595,0.023081302130929692,0.0,0.0,0.0,-0.004237623762376985,0.0010161908572920593,0.00010111476953569708
LYS   6,R LYS   6,0.0,0.0,0.0,-2.970297029702753e-05,0.00016976661583644547,1.6892409641335535e-05,-4.023356435643564,0.22604659049064088,0.022492476425835534,4.021019801980198,0.22544538888666973,0.022432654630359018,0.0,0.0,0.0,-0.002366336633662354,0.000875664073628815,8.713183193914492e-05
ASP   7,R ASP   7,0.0,0.0,0.0,-9.900990099013208e-06,9.900990099013207e-05,9.851853368419025e-06,3.6577920792079213,0.14480080662976563,0.014408218776902198,-3.6562871287128744,0.14450141913265854,0.014378428607511652,0.0,0.0,0.0,0.001495049504948066,0.000669324506183721,6.660027759717382e-05
VAL   8,R VAL   8,0.0,0.0,0.0,-9.900990099013208e-06,9.900990099013207e-05,9.851853368419025e-06,0.022415841584158866,0.009638276957401496,0.0009590444022158468,-0.022306930693069302,0.00964903173129991,0.0009601145422159689,0.0,0.0,0.0,9.900990099062453e-05,0.0005541017259260066,5.513518244559191e-05
TYR   9,R TYR   9,0.0,0.0,0.0,0.0,0.0,0.0,0.014584158415841151,0.01932026449951797,0.0019224381701714163,-0.014425742574257442,0.019278750696271288,0.0019183073923576654,0.0,0.0,0.0,0.00015841584158370127,0.0005756214595541228,5.727647597393073e-05
VAL  10,R VAL  10,0.0,0.0,0.0,-1.9801980198026416e-05,0.00013931927999480187,1.386278649081064e-05,-0.012277227722771242,0.00719889817185481,0.0007163171409530238,0.012277227722772253,0.007256432874150616,0.0007220420578042225,0.0,0.0,0.0,-1.980198019705909e-05,0.0006130623992250472,6.100198871482856e-05
VAL  11,R VAL  11,0.0,0.0,0.0,-1.980198019800883e-05,0.00013931927999467813,1.3862786490798329e-05,0.0290396039603959,0.011429439832846148,0.0011372717696949359,-0.028990099009901005,0.011499888117841393,0.0011442816360506141,0.0,0.0,0.0,2.9702970296837365e-05,0.0006958924115167505,6.92438829844081e-05
GLU  12,R GLU  12,0.0,0.0,0.0,-1.980198019803521e-05,0.00013931927999486375,1.3862786490816798e-05,3.5585049504950477,0.13918060236439025,0.013848987550839666,-3.5571089108910923,0.13896376769673205,0.013827411694994992,0.0,0.0,0.0,0.001376237623761209,0.0006109801433872909,6.079479651501862e-05
LEU  13,R LEU  13,0.0,0.0,0.0,-9.900990099022002e-06,9.900990099022001e-05,9.851853368427774e-06,0.04076237623762367,0.0071589430533159845,0.0007123414580644858,-0.040762376237623764,0.006961205817435763,0.0006926658677054712,0.0,0.0,0.0,-9.900990099057176e-06,0.0005539247814131472,5.511757580850204e-05
ASP  14,R ASP  14,0.0,0.0,0.0,-9.900990099013208e-06,9.900990099013207e-05,9.851853368419025e-06,3.0950594059405945,0.07080356619396591,0.007045218156249082,-3.0943267326732653,0.0706749789650255,0.0070324232487509065,0.0,0.0,0.0,0.0007227722772289227,0.000661812869982148,6.585284185918454e-05
TRP  15,R TRP  15,0.0,0.0,0.0,0.0,0.0,0.0,-0.058356435643564554,0.006113747142876957,0.0006083405778702637,0.05834653465346534,0.00623537598978173,0.0006204431004775243,0.0,0.0,0.0,-9.900990099079162e-06,0.0006524143964172988,6.49176587863615e-05
TYR  16,R TYR  16,0.0,0.0,0.0,0.0,0.0,0.0,0.009772277227722158,0.007016079393918025,0.0006981259926414395,-0.009811881188118826,0.00712367809003465,0.000708832463066854,0.0,0.0,0.0,-3.960396039665081e-05,0.0005788481577127801,5.7597544440875336e-05
PRO  17,R PRO  17,0.0,0.0,0.0,0.0,0.0,0.0,0.004574257425742607,0.008251428360782699,0.0008210478091332233,-0.004584158415841543,0.00821887145866835,0.0008178082762930431,0.0,0.0,0.0,-9.900990098978033e-06,0.0004771003486398381,4.747325903587907e-05
ASP  18,R ASP  18,0.0,0.0,0.0,0.0,0.0,0.0,2.622178217821782,0.062376276913414165,0.006206671531568384,-2.621861386138615,0.062285199949348155,0.006197609034926675,0.0,0.0,0.0,0.00031683168316849297,0.0006122623696527899,6.092238279706217e-05
ALA  19,R ALA  19,0.0,0.0,0.0,0.0,0.0,0.0,-0.020237623762376068,0.0092416925658789,0.0009195827803536686,0.0201980198019802,0.00919537098566251,0.0009149736108512082,0.0,0.0,0.0,-3.960396039592092e-05,0.0005614830447029288,5.586965111517521e-05
PRO  20,R PRO  20,0.0,0.0,0.0,0.0,0.0,0.0,0.03352475247524741,0.007882295061324195,0.0007843176730226102,-0.033504950495049486,0.007952362825129402,0.0007912896761047132,0.0,0.0,0.0,1.9801980198149527e-05,0.0005625296123300825,5.597378848628397e-05
GLY  21,R GLY  21,0.0,0.0,0.0,0.0,0.0,0.0,-0.0061881188118814694,0.009467728272366098,0.0009420741737806837,0.0062277227722772445,0.00942703211080744,0.0009380247543557178,0.0,0.0,0.0,3.960396039575384e-05,0.000561483044702549,5.5869651115137416e-05
GLU  22,R GLU  22,0.0,0.0,0.0,0.0,0.0,0.0,3.1730792079207926,0.08891877294223025,0.00884774859853568,-3.172217821782178,0.0888582812000893,0.008841729445222596,0.0,0.0,0.0,0.0008613861386127684,0.0006138613861385359,6.10814908841698e-05
MET  23,R MET  23,0.0,0.0,0.0,0.0,0.0,0.0,0.023613861386138805,0.010027655123103753,0.000997788977808796,-0.023594059405940605,0.010089871617805548,0.001003979750416075,0.0,0.0,0.0,1.9801980198226475e-05,0.0005798633847274144,5.769856330448204e-05
VAL  24,R VAL  24,0.0,0.0,0.0,0.0,0.0,0.0,-0.0409306930693063,0.0034790957791424352,0.00034618296885493215,0.040881188118811876,0.003389813303404472,0.0003372990304756027,0.0,0.0,0.0,-4.950495049443288e-05,0.0005865866631130811,5.836755450786937e-05
VAL  25,R VAL  25,0.0,0.0,0.0,0.0,0.0,0.0,0.02948514851485157,0.003649532348682422,0.000363142041381342,-0.02932673267326734,0.0037180557862310525,0.00036996037825753387,0.0,0.0,0.0,0.00015841584158435642,0.0006250967967390123,6.219945602364516e-05
LEU  26,R LEU  26,0.0,0.0,0.0,0.0,0.0,0.0,-0.03472277227722876,0.007314868638982578,0.0007278566337288392,0.03456435643564356,0.0072404472286575015,0.0007204514266267063,0.0,0.0,0.0,-0.00015841584158502914,0.0005756214595548879,5.7276475974006857e-05
THR  27,R THR  27,0.0,0.0,0.0,0.0,0.0,0.0,0.027801980198019518,0.016612663547373074,0.0016530218058082014,-0.027900990099009836,0.01658014137842663,0.001649785729047401,0.0,0.0,0.0,-9.900990099022001e-05,0.0006053384700054752,6.023342903202618e-05
CYS  28,R CYS  28,0.0,0.0,0.0,0.0,0.0,0.0,-0.018772277227722498,0.015386043044162802,0.0015309685039113703,0.01890099009900992,0.015448095752747032,0.0015371429791908274,0.0,0.0,0.0,0.00012871287128740912,0.0006079240171487177,6.049070058848293e-05
ASP  29,R ASP  29,0.0,0.0,0.0,-9.900990099013208e-06,9.900990099013207e-05,9.851853368419025e-06,3.6049702970297033,0.17855905396084423,0.01776728993397523,-3.6035742574257412,0.17832201079885002,0.017743703257788308,0.0,0.0,0.0,0.0013861386138620249,0.0005965295180765817,5.9356905554424075e-05
THR  30,R THR  30,0.0,0.0,0.0,0.0,0.0,0.0,0.007821782178218094,0.008584346840920864,0.0008541744360377893,-0.00786138613861385,0.008586230864288334,0.0008543619033695751,0.0,0.0,0.0,-3.960396039574505e-05,0.0005435634547060029,5.408658526714959e-05
PRO  31,R PRO  31,0.0,0.0,0.0,0.0,0.0,0.0,0.006316831683168368,0.00998903427781469,0.0009939460600707998,-0.006316831683168268,0.01001378326649336,0.000996408676486336,0.0,0.0,0.0,2.0225845201091961e-16,0.0006293167755276511,6.261935960730444e-05
GLU  32,R GLU  32,0.0,0.0,0.0,0.0,0.0,0.0,2.9664455445544546,0.1212154186878623,0.012061384962129792,-2.9658316831683162,0.1209932548080372,0.01203927882985506,0.0,0.0,0.0,0.0006138613861396455,0.00067443114320547,6.710840697252817e-05
GLU  33,R GLU  33,0.0,0.0,0.0,0.0,0.0,0.0,2.697475247524753,0.09836098337590801,0.009787283652465496,-2.6971089108910897,0.09835749111891978,0.00978693615990739,0.0,0.0,0.0,0.00036633663366180904,0.0005579803090529659,5.552111589125645e-05
ASP  34,R ASP  34,0.0,0.0,0.0,-9.90099009900881e-06,9.90099009900881e-05,9.851853368414649e-06,2.6277821782178212,0.10361377292528215,0.01030995574786286,-2.627534653465345,0.10352371559323773,0.010300994708399331,0.0,0.0,0.0,0.00023762376237666872,0.0006316490260513632,6.285142720810247e-05
GLY  35,R GLY  35,0.0,0.0,0.0,0.0,0.0,0.0,-0.008316831683169055,0.006081835791554236,0.0006051652797346672,0.008326732673267338,0.0061016292433731115,0.0006071348018029083,0.0,0.0,0.0,9.900990098287716e-06,0.0005715195916696935,5.686832486449722e-05
ILE  36,R ILE  36,0.0,0.0,0.0,0.0,0.0,0.0,-0.02076237623762441,0.006830549482630736,0.0006796650764787183,0.020702970297029697,0.00678604356137946,0.0006752365717957605,0.0,0.0,0.0,-5.940594059470512e-05,0.0005417569909025935,5.390683540043353e-05
THR  37,R THR  37,0.0,0.0,0.0,-9.900990099004414e-06,9.900990099004413e-05,9.851853368410273e-06,0.014178217821782059,0.007812652900180165,0.0007773880189881194,-0.014158415841584128,0.007834592842974974,0.0007795711248913109,0.0,0.0,0.0,9.900990099145115e-06,0.0006213216431581014,6.182381420246907e-05
TRP  38,R TRP  38,0.0,0.0,0.0,0.0,0.0,0.0,-0.0418118811881188,0.011378904288101037,0.0011322432950500452,0.04182178217821784,0.011365569022274072,0.0011309163865061286,0.0,0.0,0.0,9.90099009903959e-06,0.0005885886711968431,5.85667617577138e-05
THR  39,R THR  39,0.0,0.0,0.0,0.0,0.0,0.0,0.020792079207920172,0.007991724471810081,0.0007952063063362312,-0.020841584158415843,0.007972393795904498,0.0007932828321924361,0.0,0.0,0.0,-4.95049504955497e-05,0.0005865866631131968,5.836755450788088e-05
LEU  40,R LEU  40,0.0,0.0,0.0,0.0,0.0,0.0,-0.024643564356435336,0.004739938083765907,0.0004716414672639749,0.024594059405940567,0.004584040799979573,0.00045612910774196254,0.0,0.0,0.0,-4.950495049500448e-05,0.0005865866631127931,5.836755450784072e-05
ASP  41,R ASP  41,0.0,0.0,0.0,0.0,0.0,0.0,3.0821782178217836,0.1317871368021879,0.01311331023094685,-3.0815643564356425,0.13155282911572053,0.01308999574474814,0.0,0.0,0.0,0.0006138613861396455,0.0005796943036945439,5.7681739112895506e-05
GLN  42,R GLN  42,0.0,0.0,0.0,0.0,0.0,0.0,-0.02262376237623745,0.030678741465772423,0.0030526488707280875,0.02269306930693075,0.030695483776000853,0.0030543147928608198,0.0,0.0,0.0,6.930693069255603e-05,0.0005673880705690439,5.645722314976885e-05
SER  43,R SER  43,0.0,0.0,0.0,0.0,0.0,0.0,0.007316831683167797,0.01040176174441263,0.0010350139779394098,-0.00725742574257428,0.01033848282082838,0.0010287174897071314,0.0,0.0,0.0,5.94059405935692e-05,0.0005038816099011626,5.013809413145387e-05
SER  44,R SER  44,0.0,0.0,0.0,-9.90099009900881e-06,9.90099009900881e-05,9.851853368414649e-06,-0.000960396039604114,0.012193100461040954,0.0012132588422702315,0.0009405940594058678,0.012218977110515013,0.0012158336651287031,0.0,0.0,0.0,-2.9702970297224293e-05,0.0005161825900094656,5.136208739983334e-05
GLU  45,R GLU  45,0.0,0.0,0.0,0.0,0.0,0.0,2.6278811881188107,0.05710079452361791,0.00568174141415387,-2.627643564356435,0.05705036582495037,0.0056767235710910606,0.0,0.0,0.0,0.00023762376237709083,0.0006157747249690372,6.127187521355196e-05
VAL  46,R VAL  46,0.0,0.0,0.0,0.0,0.0,0.0,-0.01540594059405966,0.004641991331446392,0.0004618954011421544,0.015405940594059388,0.004709750193753433,0.0004686376599383368,0.0,0.0,0.0,-2.1984614349013e-16,0.0005802013989701449,5.773219697871579e-05
LEU  47,R LEU  47,0.0,0.0,0.0,-9.900990099013208e-06,9.900990099013207e-05,9.851853368419025e-06,-0.028346534653465483,0.004477525049134773,0.00044553039439859085,0.028346534653465334,0.004363293432205923,0.00043416392368438814,0.0,0.0,0.0,-9.900990099145115e-06,0.000571519591670348,5.686832486456234e-05
GLY  48,R GLY  48,0.0,0.0,0.0,0.0,0.0,0.0,0.017623762376237213,0.004702751427945189,0.0004679412567118595,-0.017653465346534634,0.004826567653944802,0.00048026143167396556,0.0,0.0,0.0,-2.9702970297408963e-05,0.0005708330814012105,5.680001453963705e-05
SER  49,R SER  49,0.0,0.0,0.0,0.0,0.0,0.0,-0.018217821782179025,0.010832298568867665,0.001077853993148177,0.018217821782178133,0.010807591721550361,0.001075395569954821,0.0,0.0,0.0,-8.486061138719018e-16,0.0005970223141262077,5.940594059408072e-05
GLY  50,R GLY  50,0.0,0.0,0.0,0.0,0.0,0.0,0.015851485148513998,0.00529596547095915,0.0005269682601672315,-0.015801980198019826,0.005326971911150132,0.0005300535162798363,0.0,0.0,0.0,4.950495049416907e-05,0.000569457578002579,5.666314683594719e-05
LYS  51,R LYS  51,0.0,0.0,0.0,0.0,0.0,0.0,-2.6740693069306922,0.10320068476112584,0.010268851939245751,2.6737524752475252,0.10314667111062212,0.01026347738014273,0.0,0.0,0.0,-0.0003168316831668046,0.0005616576080658998,5.588702081899563e-05
THR  52,R THR  52,0.0,0.0,0.0,-9.900990099013208e-06,9.900990099013207e-05,9.851853368419025e-06,-0.026277227722772523,0.013683927705998277,0.001361601697561315,0.026366336633663365,0.013582693394429364,0.0013515285070676774,0.0,0.0,0.0,7.920792079192978e-05,0.0005917446652472286,5.8880794902935296e-05
LEU  53,R LEU  53,0.0,0.0,0.0,0.0,0.0,0.0,0.015871287128712816,0.00569464463783407,0.0005666383199674794,-0.015881188118811885,0.005669594304575284,0.0005641457186455148,0.0,0.0,0.0,-9.900990099285817e-06,0.0005357524458808275,5.3309360839738786e-05
THR  54,R THR  54,0.0,0.0,0.0,-9.900990099013208e-06,9.900990099013207e-05,9.851853368419025e-06,-0.03617821782178207,0.0046996861905008675,0.00046763625418646713,0.036079207920792083,0.004698184120069846,0.000467486792592349,0.0,0.0,0.0,-0.00010891089108889026,0.0006277571280853678,6.246416888643567e-05
ILE  55,R ILE  55,0.0,0.0,0.0,0.0,0.0,0.0,0.028079207920791993,0.0036848181123529692,0.0003666531060950575,-0.028009900990098993,0.003660046662865919,0.00036418825474555515,0.0,0.0,0.0,6.930693069301441e-05,0.0006012762950769901,5.982922751932805e-05
GLN  56,R GLN  56,0.0,0.0,0.0,0.0,0.0,0.0,-0.023851485148515334,0.02009304403484955,0.001999332607920228,0.023861386138613844,0.020180879933994606,0.0020080726065487145,0.0,0.0,0.0,9.900990098142618e-06,0.0005357524458816037,5.330936083981602e-05
VAL  57,R VAL  57,0.0,0.0,0.0,0.0,0.0,0.0,-0.00466336633663384,0.006763731508220759,0.0006730164395274756,0.004594059405940609,0.006833490936022991,0.0006799577620305746,0.0,0.0,0.0,-6.930693069314742e-05,0.0006175234110688414,6.144587598388281e-05
LYS  58,R LYS  58,0.0,0.0,0.0,0.0,0.0,0.0,-2.7228118811881195,0.056694720600637245,0.005641335548619847,2.722445544554456,0.056649604832417357,0.005636846361895479,0.0,0.0,0.0,-0.0003663366336634271,0.0005579803090535422,5.5521115891313804e-05
GLU  59,R GLU  59,0.0,0.0,0.0,0.0,0.0,0.0,2.8737425742574256,0.06472801487924515,0.006440678205331446,-2.8732475247524762,0.06465910699689563,0.006433821614767808,0.0,0.0,0.0,0.0004950495049504669,0.0006390550322028965,6.358835236327243e-05
PHE  60,R PHE  60,0.0,0.0,0.0,0.0,0.0,0.0,0.021207920792078887,0.008920237122990294,0.00088759676828671,-0.021148514851485105,0.008930297899096789,0.0008885978529255438,0.0,0.0,0.0,5.940594059377146e-05,0.0005231621708361553,5.205658164929663e-05
GLY  61,R GLY  61,0.0,0.0,0.0,0.0,0.0,0.0,0.012247524752474774,0.007317963711513788,0.0007281646049563344,-0.012217821782178246,0.007306045185013937,0.0007269786672443488,0.0,0.0,0.0,2.970297029661312e-05,0.0005879220926459767,5.850043471288296e-05
ASP  62,R ASP  62,0.0,0.0,0.0,0.0,0.0,0.0,2.906683168316832,0.06994707061046666,0.0069599936603658465,-2.9061089108910876,0.06989382343423871,0.006954695368303798,0.0,0.0,0.0,0.000574257425744472,0.0005860850925524502,5.8317646371735145e-05
ALA  63,R ALA  63,0.0,0.0,0.0,-9.900990099013208e-06,9.900990099013207e-05,9.851853368419025e-06,-0.034584158415841254,0.007124448669629863,0.0007089091386023794,0.03456435643564364,0.007100991203414731,0.0007065750334751643,0.0,0.0,0.0,-2.9702970296507595e-05,0.0005879220926451744,5.850043471280312e-05
GLY  64,R GLY  64,0.0,0.0,0.0,-9.900990099004414e-06,9.900990099004413e-05,9.851853368410273e-06,0.011584158415842304,0.009105832454409666,0.0009060641939958723,-0.011504950495049506,0.00897590146869758,0.0008931355777014556,0.0,0.0,0.0,6.930693069377398e-05,0.0005673880705713441,5.6457223149997726e-05
GLN  65,R GLN  65,0.0,0.0,0.0,-2.970297029701324e-05,0.0001697666158363638,1.6892409641327407e-05,-0.028544554455444376,0.048268335099900965,0.004802878853391966,0.02858415841584157,0.048151630824141485,0.004791266343928245,0.0,0.0,0.0,9.900990099901387e-06,0.0006674178038162775,6.641055362054707e-05
TYR  66,R TYR  66,0.0,0.0,0.0,-9.900990099004414e-06,9.900990099004413e-05,9.851853368410273e-06,0.020356435643564895,0.007750546653880914,0.0007712082165069098,-0.02042574257425736,0.007792286786269789,0.0007753615149120317,0.0,0.0,0.0,-7.92079207914901e-05,0.0006552630537734793,6.520111078751798e-05
THR  67,R THR  67,0.0,0.0,0.0,-9.900990099004414e-06,9.900990099004413e-05,9.851853368410273e-06,-0.0052178217821785096,0.005753352807076188,0.0005724800011439844,0.005237623762376243,0.005880237947046945,0.0005851055444595747,0.0,0.0,0.0,9.900990098775773e-06,0.0005885886711967167,5.856676175770122e-05
CYS  68,R CYS  68,0.0,0.0,0.0,0.0,0.0,0.0,0.019831683168317255,0.007322918461290414,0.0007286576209859271,-0.019841584158415828,0.00732246329984456,0.0007286123307293096,0.0,0.0,0.0,-9.900990098586707e-06,0.0006213216431583297,6.18238142024918e-05
HIE  69,R HIE  69,0.0,0.0,0.0,0.0,0.0,0.0,-0.009455445544553454,0.010376596622918455,0.0010325099547611241,0.00941584158415841,0.010389701037954497,0.0010338138927928051,0.0,0.0,0.0,-3.960396039502835e-05,0.0005957072854058862,5.927509034578931e-05
LYS  70,R LYS  70,0.0,0.0,0.0,0.0,0.0,0.0,-2.8347722772277217,0.11168873660721972,0.011113444665175146,2.8342772277227706,0.11153768788199339,0.011098414755261746,0.0,0.0,0.0,-0.0004950495049510297,0.0006072786623830482,6.0426485389210894e-05
GLY  71,R GLY  71,0.0,0.0,0.0,0.0,0.0,0.0,0.012326732673266528,0.006425673922957386,0.0006393784525505115,-0.012326732673267468,0.006352841277324137,0.0006321313334438648,0.0,0.0,0.0,-9.937045685753877e-16,0.0005802013989698417,5.7732196978685616e-05
GLY  72,R GLY  72,0.0,0.0,0.0,-9.90099009900881e-06,9.90099009900881e-05,9.851853368414649e-06,0.0003861386138611194,0.00497711653973463,0.000495241605704521,-0.00038613861386129525,0.00494718701355849,0.0004922635065414587,0.0,0.0,0.0,-9.90099009922426e-06,0.0006524143964172762,6.491765878635925e-05
GLU  73,R GLU  73,0.0,0.0,0.0,0.0,0.0,0.0,2.9987623762376248,0.11078148579231292,0.011023169835007089,-2.998089108910891,0.11059462137656523,0.011004576130687506,0.0,0.0,0.0,0.0006732673267322298,0.0005647905226506371,5.6198757471552116e-05
VAL  74,R VAL  74,0.0,0.0,0.0,-9.900990099004414e-06,9.900990099004413e-05,9.851853368410273e-06,-0.0017326732673264935,0.007976315297486911,0.000793673036184033,0.001742574257425731,0.007963597208668452,0.0007924075390477569,0.0,0.0,0.0,2.4622768070894563e-16,0.0006133821188805403,6.103380200959423e-05
LEU  75,R LEU  75,0.0,0.0,0.0,0.0,0.0,0.0,0.03275247524752454,0.005828244544218112,0.0005799320075135489,-0.03272277227722771,0.005761117211305489,0.0005732525882407823,0.0,0.0,0.0,2.970297029715394e-05,0.0005161825900081068,5.136208739969814e-05
SER  76,R SER  76,0.0,0.0,0.0,0.0,0.0,0.0,-0.06803960396039618,0.0072205986862383135,0.0007184764228388511,0.06803960396039599,0.007200001089217432,0.0007164268853323775,0.0,0.0,0.0,-2.9899075514657683e-16,0.0005265241901114637,5.23911150706101e-05
HIE  77,R HIE  77,0.0,0.0,0.0,0.0,0.0,0.0,0.02341584158415893,0.020289131522938156,0.00201884404223853,-0.023287128712871343,0.020386044845162522,0.002028487278222535,0.0,0.0,0.0,0.00012871287128754982,0.0006079240171486227,6.0490700588473484e-05
SER  78,R SER  78,0.0,0.0,0.0,0.0,0.0,0.0,-0.06675247524752494,0.009185013558572507,0.000913943008336264,0.06664356435643566,0.00916146055891698,0.0009115993972764389,0.0,0.0,0.0,-0.0001089108910892772,0.0005246590613661921,5.22055278240026e-05
LEU  79,R LEU  79,0.0,0.0,0.0,-9.900990099004414e-06,9.900990099004413e-05,9.851853368410273e-06,0.014009900990099354,0.0076384839218164675,0.0007600575579028437,-0.013930693069306931,0.007671804395836203,0.0007633730689873499,0.0,0.0,0.0,6.930693069339144e-05,0.0005673880705699337,5.645722314985739e-05
LEU  80,R LEU  80,0.0,0.0,0.0,0.0,0.0,0.0,-0.014940594059405803,0.005539814098067374,0.0005512321054426645,0.014811881188118816,0.005512744678186526,0.0005485385974927792,0.0,0.0,0.0,-0.0001287128712870222,0.0005914132484379006,5.884781769786109e-05
LEU  81,R LEU  81,0.0,0.0,0.0,-9.900990099004414e-06,9.900990099004413e-05,9.851853368410273e-06,-0.05251485148514867,0.01019183701840065,0.0010141256869867536,0.05251485148514854,0.010072621318478435,0.0010022632814788018,0.0,0.0,0.0,-9.900990099162703e-06,0.0005539247814146059,5.511757580864719e-05
LEU  82,R LEU  82,0.0,0.0,0.0,0.0,0.0,0.0,0.03982178217821647,0.008434248943426582,0.0008392391370198756,-0.0397821782178218,0.008369681210906215,0.000832814407505346,0.0,0.0,0.0,3.960396039478652e-05,0.0006121022382603161,6.0906449127979025e-05
HIE  83,R HIE  83,0.0,0.0,0.0,0.0,0.0,0.0,-0.026524752475248388,0.03196210443616348,0.003180348259135834,0.026435643564356417,0.03194686673044403,0.003178832050747401,0.0,0.0,0.0,-8.91089108920862e-05,0.0005986620379340587,5.956909921112917e-05
LYS  84,R LYS  84,0.0,0.0,0.0,0.0,0.0,0.0,-3.102881188118814,0.06103631237458536,0.0060733400765986606,3.1021485148514842,0.06102156511181131,0.0060718726691072625,0.0,0.0,0.0,-0.0007326732673287537,0.000611621592534661,6.08586230907448e-05
LYS  85,R LYS  85,0.0,0.0,0.0,-9.900990099004414e-06,9.900990099004413e-05,9.851853368410273e-06,-3.497059405940595,0.18082466874674752,0.01799272703104157,3.4958910891089077,0.18052875588889486,0.017963282601179097,0.0,0.0,0.0,-0.0011782178217842865,0.0006355170905289879,6.323631400903914e-05
GLU  86,R GLU  86,0.0,0.0,0.0,-9.900990099013208e-06,9.900990099013207e-05,9.851853368419025e-06,3.422930693069307,0.09661408968292824,0.009613461233279682,-3.4218514851485144,0.09647309029594107,0.009599431269894779,0.0,0.0,0.0,0.0010693069306945873,0.0005496610250196667,5.469331619035117e-05
ASP  87,R ASP  87,0.0,0.0,0.0,-9.90099009900881e-06,9.90099009900881e-05,9.851853368414649e-06,3.1952079207920794,0.09844094745213383,0.009795240375438044,-3.1944752475247506,0.09833994324197862,0.009785190080890821,0.0,0.0,0.0,0.0007227722772269529,0.0005287536603110272,5.2612955646913156e-05
GLY  88,R GLY  88,0.0,0.0,0.0,0.0,0.0,0.0,0.02417821782178211,0.005831624333614541,0.0005802683091280013,-0.024158415841584145,0.005744963654491816,0.0005716452492624047,0.0,0.0,0.0,1.9801980197978047e-05,0.0006130623992245012,6.1001988714774225e-05
ILE  89,R ILE  89,0.0,0.0,0.0,-9.900990099013208e-06,9.900990099013207e-05,9.851853368419025e-06,-0.053920792079208184,0.006404953479580202,0.0006373166913747178,0.05386138613861391,0.006352717829495619,0.0006321190499258222,0.0,0.0,0.0,-6.930693069313202e-05,0.0005496610250200484,5.469331619038915e-05
TRP  90,R TRP  90,0.0,0.0,0.0,-9.900990099004414e-06,9.900990099004413e-05,9.851853368410273e-06,0.01078217821782205,0.018168411255049064,0.0018078244885803563,-0.010772277227722738,0.018183814578795497,0.001809357176578411,0.0,0.0,0.0,4.1331074976144444e-16,0.0005628780357845932,5.600845791580194e-05
SER  91,R SER  91,0.0,0.0,0.0,-9.900990099013208e-06,9.900990099013207e-05,9.851853368419025e-06,0.056237623762376586,0.02803291859665166,0.002789379655379762,-0.05602970297029707,0.028022782614442934,0.002788371087454063,0.0,0.0,0.0,0.00019801980198047082,0.0005632262436954576,5.604310589792548e-05
THR  92,R THR  92,0.0,0.0,0.0,-9.900990099013208e-06,9.900990099013207e-05,9.851853368419025e-06,-0.021534653465346332,0.03055317207574016,0.003040154249424679,0.021485148514851518,0.030490580873568925,0.003033926192030646,0.0,0.0,0.0,-5.940594059409683e-05,0.0006104986142363567,6.074688257368364e-05
ASP  93,R ASP  93,0.0,0.0,0.0,-9.90099009900881e-06,9.90099009900881e-05,9.851853368414649e-06,3.5889009900990114,0.09147368879401785,0.00910197222757425,-3.5875346534653465,0.09137709533364859,0.0090923608190344,0.0,0.0,0.0,0.0013564356435645016,0.0005730612328099691,5.7021723891350415e-05
ILE  94,R ILE  94,0.0,0.0,0.0,-3.960396039601766e-05,0.00019502688716417123,1.9405900581923754e-05,-0.024277227722773104,0.012978366471743765,0.0012913957307559448,0.024287128712871284,0.012989970718999442,0.0012925503965143237,0.0,0.0,0.0,-2.9702970297894824e-05,0.0005161825900098823,5.1362087399874814e-05
LEU  95,R LEU  95,0.0,0.0,0.0,-3.960396039603524e-05,0.00019502688716425783,1.940590058193237e-05,-0.0625742574257425,0.0098697924327921,0.0009820810530281265,0.0626435643564356,0.00985698140126421,0.000980806307746606,0.0,0.0,0.0,2.970297029718472e-05,0.0006364419279199223,6.33283387689268e-05
LYS  96,R LYS  96,0.0,0.0,0.0,-1.9801980198026416e-05,0.00013931927999480187,1.386278649081064e-05,-3.7259999999999978,0.10400047600810075,0.010348434142760196,3.7244158415841584,0.10383786555638028,0.010332253798062324,0.0,0.0,0.0,-0.0016039603960388382,0.000598334452663822,5.9536503258444114e-05
ASP  97,R ASP  97,0.0,0.0,0.0,0.0,0.0,0.0,3.989524752475247,0.0880889058163399,0.008765173733216322,-3.987326732673267,0.08787559939220566,0.008743948950723895,0.0,0.0,0.0,0.0021980198019801406,0.0005973506189728148,5.943860814729075e-05
GLN  98,R GLN  98,0.0,0.0,0.0,-2.9702970297039623e-05,0.00016976661583651456,1.689240964134241e-05,-0.01586138613861362,0.024869970640569037,0.002474654570679674,0.01586138613861387,0.02470660700626027,0.0024583992815131648,0.0,0.0,0.0,-2.9702970296890128e-05,0.0006045282187112408,6.015280601490828e-05
LYS  99,R LYS  99,0.0,0.0,0.0,-9.900990099013208e-06,9.900990099013207e-05,9.851853368419025e-06,-3.7046237623762353,0.07816368348251258,0.007777577198890226,3.7029603960396043,0.0780570901494888,0.007766970765831517,0.0,0.0,0.0,-0.0016732673267309897,0.0005988257633672827,5.958539050063328e-05
GLU 100,R GLU 100,0.0,0.0,0.0,-1.980198019801762e-05,0.00013931927999473998,1.3862786490804483e-05,3.9594455445544527,0.15085639852265548,0.015010772691118147,-3.957316831683165,0.15056191323409854,0.01498147030970976,0.0,0.0,0.0,0.002108910891089822,0.0006585461048843264,6.55277865827833e-05
PRO 101,R PRO 101,0.0,0.0,0.0,-2.9702970297022035e-05,0.00016976661583641405,1.6892409641332408e-05,-0.04545544554455503,0.020221802150828187,0.0020121445193142396,0.04523762376237619,0.02008504123675654,0.001998536299747399,0.0,0.0,0.0,-0.00024752475247572593,0.0005523297299396557,5.495886225485971e-05
LYS 102,R LYS 102,0.0,0.0,0.0,-4.950495049505725e-05,0.00021691982475455514,2.158432929246158e-05,-4.640990099009902,0.2091922463706135,0.020815406504233108,4.637108910891088,0.20866520159395407,0.0207629635888649,0.0,0.0,0.0,-0.003930693069308621,0.0008589358572009451,8.546731219198369e-05
ASN 103,R ASN 103,0.0,0.0,0.0,-1.980198019801762e-05,0.00013931927999473998,1.3862786490804483e-05,0.06746534653465354,0.022455925746170273,0.002234448125803342,-0.06718811881188122,0.022429962665461663,0.0022318647027155933,0.0,0.0,0.0,0.000257425742574361,0.000639515059879178,6.363412682791503e-05
LYS 104,R LYS 104,0.0,0.0,0.0,-1.980198019801762e-05,0.00013931927999473998,1.3862786490804483e-05,-3.820207920792078,0.13998106780273745,0.013928636838902985,3.818396039603961,0.13966438408676943,0.013897125631410778,0.0,0.0,0.0,-0.0018316831683148843,0.0007321378830604683,7.28504422006778e-05
THR 105,R THR 105,0.0,0.0,0.0,-1.980198019800883e-05,0.00013931927999467813,1.3862786490798329e-05,-0.012871287128711929,0.01609542298038684,0.001601554445764541,0.013069306930693081,0.01608655882304167,0.0016006724291427095,0.0,0.0,0.0,0.00017821782178278295,0.0006197418754279845,6.166662143813308e-05
PHE 106,R PHE 106,0.0,0.0,0.0,-4.9504950495039656e-05,0.00021691982475447808,2.1584329292453912e-05,-0.008920792079208024,0.009966958450738698,0.000991749433176274,0.00896039603960394,0.009959244466233483,0.000990981863029535,0.0,0.0,0.0,-9.900990099030796e-06,0.0006051765065318171,6.021731306405164e-05
LEU 107,R LEU 107,0.0,0.0,0.0,-0.00016831683168322452,0.0003741473985682672,3.7229057619574556e-05,-0.05729702970297064,0.01845762852002515,0.0018366026820505587,0.057653465346534614,0.018372620419000764,0.0018281440598517194,0.0,0.0,0.0,0.000188118811880598,0.0006706413553224721,6.673130898386917e-05
ARG 108,R ARG 108,0.0,0.0,0.0,-9.900990099012328e-05,0.0002986753094851892,2.9719304073524157e-05,-5.11907920792079,0.16803958062556493,0.016720563214972707,5.114326732673268,0.1676656921819546,0.016683359924334507,0.0,0.0,0.0,-0.004851485148513816,0.0007628261498705395,7.590403887858856e-05
CYS 109,R CYS 109,0.0,0.0,0.0,-0.0002178217821782202,0.0004127656155579418,4.10717138320071e-05,-0.15371287128712835,0.04080776877931271,0.004060524758490624,0.15495049504950495,0.04069626110678673,0.004049429330374913,0.0,0.0,0.0,0.001019801980198364,0.0009225470340832844,9.179686086307904e-05
GLU 110,R GLU 110,0.0,0.0,0.0,-0.0003564356435644007,0.0004789460048494784,4.765690869277248e-05,5.942633663366333,0.2998892113178186,0.02984009182039719,-5.933237623762379,0.29806555025330395,0.02965863076224419,0.0,0.0,0.0,0.009039603960395865,0.002014407472908508,0.00020044103517808867
ALA 111,R ALA 111,0.0,0.0,0.0,-0.0007326732673267399,0.0004425642898738061,4.403679274833112e-05,-0.15344554455445633,0.04302784620982112,0.004281430719340794,0.15606930693069304,0.04311170327098682,0.004289774808792952,0.0,0.0,0.0,0.0018910891089094584,0.0009108910891089228,9.063705098942593e-05
LYS 112,R LYS 112,0.0,0.0,0.0,-0.0016138613861387044,0.0005259653459521773,5.233550799840793e-05,-7.166108910891088,0.3853449502882844,0.03834325565964625,7.166306930693067,0.3856963034135072,0.03837821660229557,0.0,0.0,0.0,-0.0014158415841567166,0.0023219457815644496,0.00023104224063078273
ASN 113,R ASN 113,0.0,0.0,0.0,-0.009683168316831716,0.002944808128259527,0.0002930193605650897,-0.304089108910891,0.22090995876461508,0.021981362465854717,0.3061683168316831,0.21994828687027104,0.021885672535889515,0.0,0.0,0.0,-0.007603960396038907,0.007398259372379117,0.0007361543218336834
TYR 114,R TYR 114,0.0,0.0,0.0,-0.022069306930693054,0.009378992140899794,0.0009332445986882502,0.180039603960396,0.12152520178609144,0.012092209532493438,-0.1542079207920792,0.11011661836540101,0.010957013053373432,-0.00012746138613861372,0.001274613861386137,0.00012682881952363664,0.0036349148514852724,0.00875960958781784,0.0008716137311598744
SER 115,R SER 115,0.0,0.0,0.0,-0.046524752475247524,0.02052942542077222,0.0020427541787310715,-0.023514851485148865,0.155843130944555,0.01550697111285974,0.06845544554455457,0.1616446123078893,0.01608424008434252,-0.011522922772277224,0.021599733816456135,0.00214925384460102,-0.013107081188119235,0.031038906719009732,0.0030884866528873398
GLY 116,R GLY 116,0.0,0.0,0.0,-0.006158415841584157,0.002076424350777462,0.00020661194516812068,0.10983168316831701,0.09562675682014653,0.009515217941521253,-0.09696039603960392,0.0943870188247062,0.0093918594003633,0.0,0.0,0.0,0.006712871287129723,0.0034016205621399294,0.0003384738966312239
ARG 117,R ARG 117,0.0,0.0,0.0,-0.005217821782178219,0.0013902344014627911,0.00013833349325648018,-8.740980198019804,0.617888771755352,0.061482230730974675,8.735871287128713,0.616774870482501,0.06137139341170378,0.0,0.0,0.0,-0.010326732673267109,0.003922791769285102,0.000390332369988832
PHE 118,R PHE 118,0.0,0.0,0.0,-0.0018811881188120169,0.0005850806614926584,5.821770174578566e-05,0.09934653465346625,0.024301911118901925,0.0024181305356485066,-0.10056435643564364,0.02461200537835607,0.0024489860677112565,0.0,0.0,0.0,-0.0030990099009895965,0.0013895290925017953,0.00013826331239180225
THR 119,R THR 119,0.0,0.0,0.0,-0.00024752475247525544,0.0004315741528258231,4.294323323950635e-05,-0.009356435643564148,0.03908168246285028,0.003888772750651355,0.011059405940594067,0.03900820471760598,0.00388146144173427,0.0,0.0,0.0,0.001455445544554792,0.0007774641754220173,7.736057686008501e-05
CYS 120,R CYS 120,0.0,0.0,0.0,-0.0001584158415841146,0.00036513047355605296,3.6331840046725766e-05,0.07051485148514795,0.028707681333611137,0.002856521057164018,-0.07056435643564359,0.02856689763392951,0.0028425125554681608,0.0,0.0,0.0,-0.00020792079207913007,0.0007874866861442342,7.835785395087344e-05
TRP 121,R TRP 121,0.0,0.0,0.0,-0.00010891089108910131,0.00031152738064457773,3.099813295100584e-05,-0.02367326732673315,0.013474661891378031,0.0013407789707426414,0.023514851485148487,0.013399138335962535,0.001333264096105111,0.0,0.0,0.0,-0.00026732673267383807,0.0006276009501688727,6.244862860291546e-05
TRP 122,R TRP 122,0.0,0.0,0.0,-0.00010891089108906614,0.00031152738064447707,3.0998132950995824e-05,0.009564356435643082,0.021591809889140227,0.002148465384363835,-0.01018811881188121,0.02157589086823905,0.002146881382580995,0.0,0.0,0.0,-0.0007326732673272852,0.0005430221465655211,5.4032723094035306e-05
LEU 123,R LEU 123,0.0,0.0,0.0,-9.900990099004414e-06,9.900990099004413e-05,9.851853368410273e-06,0.028168316831682874,0.011684863109160191,0.0011626873356127116,-0.028049504950495067,0.011659675995043006,0.0011601811240866452,0.0,0.0,0.0,0.0001089108910888199,0.0005432026425482315,5.405068311558334e-05
THR 124,R THR 124,0.0,0.0,0.0,-2.970297029701324e-05,0.0001697666158363638,1.6892409641327407e-05,0.01343564356435671,0.019380206214142173,0.00192840259370102,-0.013534653465346536,0.019363415722549324,0.0019267318773433407,0.0,0.0,0.0,-0.00012871287128654734,0.0006239980695680528,6.209012858394526e-05
THR 125,R THR 125,0.0,0.0,0.0,0.0,0.0,0.0,-0.016574257425742287,0.022514834069152327,0.002240309723021347,0.01643564356435642,0.02245586026473696,0.0022344416101572006,0.0,0.0,0.0,-0.00013861386138600904,0.0005455436559993189,5.4283622660244717e-05
ILE 126,R ILE 126,0.0,0.0,0.0,0.0,0.0,0.0,0.027742574257425597,0.01032794293431168,0.0010276687318006605,-0.027594059405940584,0.010292916162350894,0.0010241834377252618,0.0,0.0,0.0,0.00014851485148503543,0.0005519746481102247,5.4923530292274545e-05
SER 127,R SER 127,0.0,0.0,0.0,-1.980198019802202e-05,0.0001393192799947709,1.386278649080756e-05,0.02028712871287093,0.01978114745726368,0.0019682977385005124,-0.020306930693069335,0.019782351657829024,0.001968417560935211,0.0,0.0,0.0,-3.960396039622431e-05,0.0005788481577124751,5.759754444084499e-05
THR 128,R THR 128,0.0,0.0,0.0,-9.90099009900881e-06,9.90099009900881e-05,9.851853368414649e-06,-0.016415841584158288,0.015959892383277476,0.0015880686473110227,0.016346534653465403,0.0159090457135595,0.0015830092145742516,0.0,0.0,0.0,-7.920792079168356e-05,0.000608246437758891,6.05227826382842e-05
ASP 129,R ASP 129,0.0,0.0,0.0,-9.900990099013208e-06,9.900990099013207e-05,9.851853368419025e-06,3.9316138613861398,0.14266029513445214,0.014195229922511304,-3.9295148514851475,0.14235269362889397,0.014164622428731809,0.0,0.0,0.0,0.0020891089108910745,0.0006149782238915606,6.119262039413882e-05
LEU 130,R LEU 130,0.0,0.0,0.0,-3.9603960396026446e-05,0.00019502688716421454,1.9405900581928064e-05,0.03279207920792119,0.013859490676626287,0.0013790708660611762,-0.03245544554455445,0.013874632991292955,0.001380577582685096,0.0,0.0,0.0,0.0002970297029709063,0.0006221100226687062,6.19022608957742e-05
THR 131,R THR 131,0.0,0.0,0.0,-3.960396039603524e-05,0.00019502688716425783,1.940590058193237e-05,-0.032821782178217164,0.019148402223551946,0.0019053372345533837,0.032841584158415815,0.01911182966473919,0.0019016981289374003,0.0,0.0,0.0,-1.980198019737567e-05,0.000613062399224119,6.1001988714736196e-05
PHE 132,R PHE 132,0.0,0.0,0.0,-8.910891089103972e-05,0.00028490088257287496,2.8348697368365955e-05,0.02246534653465324,0.03316641637824279,0.003300181776234127,-0.022336633663366356,0.03305988482598485,0.003289581490591382,0.0,0.0,0.0,3.960396039590773e-05,0.0006436405133912993,6.404462479501934e-05
SER 133,R SER 133,0.0,0.0,0.0,-6.930693069307047e-05,0.00025397535323526486,2.5271492186580743e-05,-0.06076237623762447,0.02969353315429345,0.0029546169797255314,0.06056435643564362,0.029572671302270974,0.002942590775961529,0.0,0.0,0.0,-0.00026732673267384685,0.0006116215925333464,6.085862309061399e-05
VAL 134,R VAL 134,0.0,0.0,0.0,-0.00012871287128711015,0.00033488187178782816,3.332199167560224e-05,0.010792079207920826,0.024597076551590807,0.0024475005939274927,-0.00918811881188119,0.02425920785532912,0.0024138814021086785,0.0,0.0,0.0,0.0014752475247524007,0.0009291117807393609,9.245007756978932e-05
LYS 135,R LYS 135,0.0,0.0,0.0,-0.00026732673267325987,0.00044256428987378985,4.40367927483295e-05,-6.317079207920789,0.43271076666467545,0.04305633054356289,6.309811881188121,0.43192747174603074,0.042978389786067495,0.0,0.0,0.0,-0.0075346534653457885,0.0015642311016344792,0.00015564681202094482
SER 136,R SER 136,0.0,0.0,0.0,-0.00046534653465348885,0.0004987976917944807,4.9632225372640826e-05,-0.004178217821781586,0.06650249694405581,0.006617245770116169,0.008405940594059405,0.06612741649447745,0.006579923870451054,0.0,0.0,0.0,0.003762376237624157,0.0011444962128452554,0.00011388162958355166
SER 137,R SER 137,0.0,0.0,0.0,-0.0008217821782177797,0.0003826960017838936,3.807967543196425e-05,-0.30584158415841517,0.08486631685247366,0.008444514146435603,0.30916831683168294,0.08545731020494436,0.008503320182923126,0.0,0.0,0.0,0.002504950495050068,0.001446222545466271,0.00014390452180590966
ARG 138,R ARG 138,0.0,0.0,0.0,-0.006821782178217737,0.0017428555128559183,0.00017342060524541426,-9.50560396039604,0.5346812519365375,0.05320277305848916,9.500188118811883,0.5331430568494027,0.05304971692673942,0.0,0.0,0.0,-0.012237623762373324,0.007685847241445194,0.0007647703843510822
GLY 139,R GLY 139,0.0,0.0,0.0,-0.00061386138613861,0.0005067914412700855,5.042763317438566e-05,0.1423366336633661,0.12480672402136556,0.012418733198953315,-0.13803960396039602,0.12328441887147286,0.012267258175054172,0.0,0.0,0.0,0.0036831683168311808,0.001694082263128117,0.0001685674855087581
SER 140,R SER 140,0.0,0.0,0.0,-0.00043564356435645804,0.0004958409515069133,4.933801871784865e-05,-0.024603960396039175,0.10456549221675907,0.010404655356828843,0.027742574257425743,0.10499916581142892,0.010447807492339698,0.0,0.0,0.0,0.002702970297030034,0.0014180208942551394,0.000141098352627869
SER 141,R SER 141,0.0,0.0,0.0,-0.0007920792079208037,0.0006939174442746666,6.90473663988761e-05,-0.16553465346534663,0.10794815076963084,0.010741242463017775,0.17091089108910906,0.10885662284321378,0.010831638812965996,0.0,0.0,0.0,0.004584158415840807,0.0028606837330352325,0.00028464867037988006
ASP 142,R ASP 142,0.0,0.0,0.0,-0.002108910891089123,0.0012097048989545907,0.00012037013636390347,9.52658415841584,0.9061730351594574,0.09016758707491242,-9.47209900990099,0.8923239932944682,0.08878955590446849,0.0,0.0,0.0,0.05237623762376272,0.013274595319408014,0.0013208716027798425
PRO 143,R PRO 143,0.0,0.0,0.0,-0.0008712871287129226,0.0005007591531248579,4.982739806972923e-05,0.1061980198019802,0.06123886357469733,0.006093494674301968,-0.10351485148514857,0.06075622672915163,0.006045470513233608,0.0,0.0,0.0,0.0018118811881194345,0.0011664694237644472,0.00011606804578884407
GLN 144,R GLN 144,0.0,0.0,0.0,-0.002584158415841649,0.0010648973987920035,0.00010596125155559215,0.15083168316831663,0.22904299692791605,0.022790630010042875,-0.1329306930693072,0.22718009854903085,0.02260526469318561,0.0,0.0,0.0,0.01531683168316857,0.004434184696442307,0.00044121786812200873
GLY 145,R GLY 145,0.0,0.0,0.0,-0.0032673267326732832,0.0011422670623635262,0.00011365982082036216,0.21299009900990126,0.08024337917841186,0.007984514655064168,-0.20580198019801968,0.07890111869126008,0.007850954744697628,0.0,0.0,0.0,0.003920792079207403,0.0026835884366586426,0.0002670270297692833
VAL 146,R VAL 146,0.0,0.0,0.0,-0.0027326732673267923,0.0008547026477190348,8.504609210513866e-05,-0.10519801980198056,0.07479516845225877,0.007442397425801839,0.10943564356435642,0.07399925285167162,0.007363200863516586,0.0,0.0,0.0,0.0015049504950490622,0.0016144383345809837,0.00016064261842087564
THR 147,R THR 147,0.0,0.0,0.0,-0.0018910891089108982,0.0007298581185735019,7.262359715573264e-05,0.013584158415841372,0.07520246827194364,0.007482925272617067,-0.004425742574257352,0.07528485134653828,0.007491122694923617,0.0,0.0,0.0,0.0072673267326732495,0.002038690557754586,0.00020285729242957592
CYS 148,R CYS 148,0.0,0.0,0.0,-0.0005940594059405506,0.0004910731393123304,4.8863603672893984e-05,0.10346534653465399,0.06912101088433266,0.006877797645482045,-0.10138613861386137,0.06878708293101998,0.006844570572242363,0.0,0.0,0.0,0.0014851485148523768,0.0009607532254025917,9.559851898897792e-05
GLY 149,R GLY 149,0.0,0.0,0.0,-0.00021782178217821032,0.00041276561555792315,4.1071713832005245e-05,-0.01984158415841582,0.03508285318484624,0.0034908743657598973,0.020287128712871305,0.034919521798655775,0.003474622285401091,0.0,0.0,0.0,0.00022772277227737413,0.0008069155073579883,8.029109391783605e-05
ALA 150,R ALA 150,0.0,0.0,0.0,-0.00011881188118812331,0.0003235670225419567,3.2196122095476085e-05,0.086356435643565,0.022360938430517046,0.0022249965346360246,-0.08579207920792081,0.022281420947490447,0.002217084249347689,0.0,0.0,0.0,0.0004455445544559461,0.0007509103059750886,7.471836809571755e-05
ALA 151,R ALA 151,0.0,0.0,0.0,-2.9702970297022035e-05,0.00016976661583641405,1.6892409641332408e-05,-0.005683168316832508,0.020167580441214666,0.0020067492575560177,0.00584158415841584,0.02002905447675991,0.0019929654089117987,0.0,0.0,0.0,0.00012871287128614722,0.0006845301393053047,6.81132946428403e-05
THR 152,R THR 152,0.0,0.0,0.0,-3.960396039604404e-05,0.00019502688716430111,1.940590058193668e-05,0.06766336633663342,0.04552885652843223,0.0045302905473524925,-0.06751485148514846,0.04548345665116426,0.004525773090721233,0.0,0.0,0.0,0.00010891089108904855,0.0006277571280849202,6.246416888639114e-05
LEU 153,R LEU 153,0.0,0.0,0.0,-3.960396039606162e-05,0.00019502688716438771,1.9405900581945296e-05,0.08059405940594172,0.02221237645277097,0.0022102140653451753,-0.08018811881188118,0.022180944846487295,0.0022070865036251455,0.0,0.0,0.0,0.0003663366336645,0.0006558611945216294,6.526062801645692e-05
SER 154,R SER 154,0.0,0.0,0.0,-2.9702970297026433e-05,0.0001697666158364392,1.6892409641334912e-05,0.02524752475247529,0.019727553200012172,0.001962964910585819,-0.025287128712871303,0.01962537084655014,0.0019527973863980286,0.0,0.0,0.0,-6.930693069309685e-05,0.0006012762950778983,5.9829227519418425e-05
ALA 155,R ALA 155,0.0,0.0,0.0,-9.900990099013208e-06,9.900990099013207e-05,9.851853368419025e-06,0.026425742574257678,0.008809700475520352,0.0008765979607753377,-0.026445544554455438,0.008772679516064589,0.0008729142376277636,0.0,0.0,0.0,-2.9702970296839564e-05,0.000620690218561212,6.176098510679725e-05
GLU 156,R GLU 156,0.0,0.0,0.0,-1.980198019801762e-05,0.00013931927999473998,1.3862786490804483e-05,3.788584158415843,0.10017462647116174,0.009967747885419998,-3.7868019801980184,0.09982321202731399,0.009932780841339452,0.0,0.0,0.0,0.0017623762376245092,0.0006157747249684837,6.12718752134969e-05
ARG 157,R ARG 157,0.0,0.0,0.0,-2.9702970297022035e-05,0.00016976661583641405,1.6892409641332408e-05,-4.257158415841584,0.12371571793762676,0.012310174036146768,4.254366336633663,0.12335312930906335,0.012274095119129986,0.0,0.0,0.0,-0.0028217821782172254,0.0006950466841520157,6.915972996633914e-05
VAL 158,R VAL 158,0.0,0.0,0.0,-9.90099009900881e-06,9.90099009900881e-05,9.851853368414649e-06,0.04848514851485295,0.007655469618316004,0.0007617476978747095,-0.048425742574257365,0.007644769822349372,0.0007606830283832637,0.0,0.0,0.0,4.950495049660936e-05,0.0005694575780018958,5.666314683587921e-05
ARG 159,R ARG 159,0.0,0.0,0.0,0.0,0.0,0.0,-3.4954257425742576,0.08072791934071089,0.00803272820322796,3.4941683168316833,0.0804804962913438,0.008008108689644418,0.0,0.0,0.0,-0.0012574257425726635,0.0006843869171799913,6.809904350872551e-05
GLY 160,R GLY 160,0.0,0.0,0.0,0.0,0.0,0.0,0.007564356435643945,0.03285564461400305,0.0032692588299255564,-0.007524752475247602,0.03277332713462855,0.0032610679345873588,0.0,0.0,0.0,3.9603960396246295e-05,0.0006121022382609256,6.090644912803968e-05
ASP 161,R ASP 161,0.0,0.0,0.0,0.0,0.0,0.0,3.2481287128712877,0.06955127225719163,0.006920610252232593,-3.247346534653464,0.0693675011137742,0.006902324340013817,0.0,0.0,0.0,0.0007821782178222808,0.0005558680731734988,5.531094056579989e-05
ASN 162,R ASN 162,0.0,0.0,0.0,-1.9801980198026416e-05,0.00013931927999480184,1.3862786490810638e-05,0.002851485148514256,0.03223932354970986,0.0032079325919174033,-0.002881188118811975,0.032229464143612725,0.0032069515443434,0.0,0.0,0.0,-4.950495049563764e-05,0.0006194254384003111,6.163513477704363e-05
LYS 163,R LYS 163,0.0,0.0,0.0,0.0,0.0,0.0,-3.5167821782178246,0.10029082502081464,0.009979310073255308,3.515603960396041,0.10005365681339044,0.009955710954583056,0.0,0.0,0.0,-0.0011782178217833719,0.0006197418754247326,6.166662143780951e-05
GLU 164,R GLU 164,0.0,0.0,0.0,-9.900990099013208e-06,9.900990099013207e-05,9.851853368419025e-06,3.7696237623762383,0.08664492826333382,0.008621492596509376,-3.7679108910891093,0.0863800145350837,0.008595132695328772,0.0,0.0,0.0,0.0017029702970306586,0.0006378266696405561,6.34661257200134e-05
TYR 165,R TYR 165,0.0,0.0,0.0,-5.9405940594061654e-05,0.00023638289873888663,2.3520977537483416e-05,-0.014306930693070083,0.012353491969750396,0.00122921839388621,0.014237623762376255,0.01231448355573973,0.0012253369116190377,0.0,0.0,0.0,-0.0001287128712877257,0.0005201554667945201,5.175740341515846e-05
GLU 166,R GLU 166,0.0,0.0,0.0,-5.940594059408804e-05,0.0002363828987389916,2.352097753749386e-05,4.69149504950495,0.13735778414998875,0.013667610359407499,-4.6873168316831695,0.13698420308525824,0.01363043765411099,0.0,0.0,0.0,0.004118811881188369,0.0007350776710200017,7.314296203578453e-05
TYR 167,R TYR 167,0.0,0.0,0.0,-5.9405940594061654e-05,0.00023638289873888663,2.3520977537483416e-05,-0.02320792079207943,0.030148253100036927,0.0029998633054400337,0.023237623762376276,0.030148197823041685,0.002999857805173431,0.0,0.0,0.0,-2.970297029699565e-05,0.0005708330814017404,5.6800014539689776e-05
SER 168,R SER 168,0.0,0.0,0.0,-4.950495049505285e-05,0.00021691982475453587,2.1584329292459662e-05,-0.02951485148514846,0.023698023421518884,0.0023580414638878664,0.029732673267326676,0.023651718414160732,0.0023534339434464354,0.0,0.0,0.0,0.00016831683168299808,0.0006304062328599138,6.272776466357928e-05
VAL 169,R VAL 169,0.0,0.0,0.0,-0.0002178217821782202,0.0004127656155579418,4.10717138320071e-05,-0.02242574257425729,0.025346449566688745,0.0025220659958637166,0.02345544554455445,0.025417513550670505,0.0025291371265583505,0.0,0.0,0.0,0.0008118811881193292,0.0006995454151547299,6.960737043198428e-05
GLU 170,R GLU 170,0.0,0.0,0.0,-0.0007623762376238005,0.00044828639297711444,4.46061632877319e-05,7.559455445544559,0.4661766232389169,0.04638630773292326,-7.535732673267324,0.46294861873210563,0.046065109279478995,0.0,0.0,0.0,0.022960396039604196,0.003730847572003852,0.0003712332085148473
CYS 171,R CYS 171,0.0,0.0,0.0,-0.0010990099009901143,0.00033016499010948613,3.28526444064252e-05,-0.12607920792079047,0.07185872872812395,0.007150210752569428,0.1273960396039604,0.0719112598363146,0.007155437793198693,0.0,0.0,0.0,0.00021782178217963436,0.001207271372251662,0.00012012799140662517
GLN 172,R GLN 172,0.0,0.0,0.0,-0.006673267326732695,0.002552843147640848,0.00025401738726753736,0.16204950495049622,0.43681881909731934,0.04346509703854422,-0.14174257425742567,0.4349098610026376,0.04327514860866815,0.0,0.0,0.0,0.013633663366337503,0.006929236056183463,0.000689484757564654
GLU 173,R GLU 173,0.0,0.0,0.0,-0.02050495049504944,0.006936235407713014,0.0006901812190725796,12.125603960396038,1.26488603235068,0.1258608643566082,-11.997871287128715,1.231635913343271,0.12255235385748021,0.0,0.0,0.0,0.1072277227722765,0.03304598691596092,0.0032881985968573816
ASP 174,R ASP 174,0.0,0.0,0.0,-0.06814851485148522,0.044881226342339986,0.004465848935286053,17.422445544554453,2.6511855837549323,0.2638028253984738,-17.03731683168317,2.4885975331089303,0.24762470969082204,-0.004271168316831682,0.017149350909997828,0.001706424194340936,0.31270902970296977,0.13074037722849727,0.013009153760443797
SER 175,R SER 175,0.0,0.0,0.0,-0.07441584158415836,0.032530341458104094,0.003236889956104342,1.058564356435643,0.3149189874087097,0.03133561043749375,-0.8731683168316832,0.2992902849070468,0.029780496415105495,-0.0012105267326732686,0.0053965289752186535,0.0005369747028388361,0.1097696712871278,0.03295896502270066,0.0032795395948417377
ALA 176,R ALA 176,0.0,0.0,0.0,-0.221059405940594,0.10533659597277789,0.010481383048303778,1.2767524752475248,0.49988223179283925,0.049740141135904525,-0.9260297029702972,0.48167737971347,0.04792869064978012,-0.060231992079207916,0.03598443490406222,0.003580585099823233,0.06943137425742606,0.06105527867691506,0.006075227294216543
CYS 177,R CYS 177,0.0,0.0,0.0,-0.33307920792079226,0.23539028821408736,0.023422209098726502,-0.6035346534653473,0.31315673374246,0.031160259643843512,0.8380495049504952,0.2634896197717803,0.026218197090721068,-0.051555920792079234,0.06461354331159425,0.006429287858628017,-0.15012027722772212,0.17274067522568823,0.01718833961115451
PRO 178,R PRO 178,0.0,0.0,0.0,-1.4995742574257431,0.39982714944876857,0.03978428833571721,-0.43675247524752464,0.361245847718521,0.035945305328886276,0.7699999999999998,0.35627806472745543,0.03545099244598599,-0.460325512871287,0.06085847185427513,0.006055644283435163,-1.626652245544556,0.43133433612560057,0.04291937058595086
ALA 179,R ALA 179,0.0,0.0,0.0,-0.10447524752475243,0.03463432569038786,0.003446244211978118,0.20407920792079232,0.14578022813202077,0.014505674858865716,-0.12926732673267327,0.13767567651097498,0.013699241831573995,-0.005247231683168313,0.011299045485129965,0.0011242970471578584,-0.034910598019801946,0.02505606243240604,0.0024931713960467373
ALA 180,R ALA 180,0.0,0.0,0.0,-0.030999999999999986,0.008188376209633674,0.0008147738856016212,-0.11435643564356363,0.06742000528068642,0.006708541261843685,0.12044554455445561,0.06612581396268938,0.006579764412578291,0.0,0.0,0.0,-0.02491089108910921,0.008096080227340787,0.0008055900921127827
GLU 181,R GLU 181,0.0,0.0,0.0,-0.009128712871287123,0.001805729968610308,0.00017967684742439726,9.02412871287129,0.2765160072126399,0.027514371086495033,-8.964475247524756,0.2724923686480024,0.027114004085317285,0.0,0.0,0.0,0.05052475247524789,0.004820735039894412,0.00047968106488433757
GLU 182,R GLU 182,0.0,0.0,0.0,-0.005257425742574245,0.0012239642244378155,0.00012178899228021525,8.28247524752475,0.32542540609472365,0.03238103817034385,-8.253435643564366,0.3228985193198118,0.032129603538695144,0.0,0.0,0.0,0.023782178217822778,0.004372741760371933,0.00043510406747543704
SER 183,R SER 183,0.0,0.0,0.0,-0.002118811881188156,0.0005129439147322353,5.1039827165047574e-05,-0.3431287128712873,0.11067798831006598,0.011012871450614208,0.3573267326732674,0.1112768475924648,0.011072460176383137,0.0,0.0,0.0,0.012079207920791549,0.002178577828035071,0.00021677659606617983
LEU 184,R LEU 184,0.0,0.0,0.0,-0.002346534653465308,0.0007634684217289799,7.596794731712592e-05,0.17643564356435568,0.031232255426741906,0.003107725568374595,-0.17297029702970293,0.03162949351962223,0.0031472522359529964,0.0,0.0,0.0,0.001118811881187656,0.0012764983718459718,0.00012701633532292416
PRO 185,R PRO 185,0.0,0.0,0.0,-0.0008712871287129072,0.0003895508034238815,3.876175368829429e-05,0.14325742574257533,0.04159080569219164,0.0041384398434528,-0.14120792079207928,0.041211676907141934,0.004100715119352441,0.0,0.0,0.0,0.0011782178217825672,0.0012055649807661674,0.00011995819910771269
ILE 186,R ILE 186,0.0,0.0,0.0,-0.0017227722772276033,0.0005989894440496934,5.960167733726504e-05,-0.15558415841584172,0.02506477443267737,0.0024940382724738465,0.1554455445544553,0.02509091399884758,0.002496639256521378,0.0,0.0,0.0,-0.0018613861386135321,0.000975234959961615,9.703950543547568e-05
GLU 187,R GLU 187,0.0,0.0,0.0,-0.00035643564356432596,0.00047894600484937796,4.765690869276249e-05,6.397524752475247,0.33432502102645223,0.03326658295390566,-6.385405940594059,0.33209917933536626,0.03304510342769061,0.0,0.0,0.0,0.011762376237623223,0.0023762376237619165,0.00023644448084193188
VAL 188,R VAL 188,0.0,0.0,0.0,-0.0002376237623762994,0.00042562743089525273,4.235151229143086e-05,-0.05725742574257427,0.013927431060589184,0.0013858311869371991,0.057782178217821785,0.013999012667020758,0.0013929538229906383,0.0,0.0,0.0,0.00028712871287146216,0.0007221616843089142,7.185777332320552e-05
MET 189,R MET 189,0.0,0.0,0.0,-0.00024752475247522465,0.00043157415282576945,4.294323323950101e-05,0.09464356435643605,0.05313472213351867,0.005287102461432494,-0.09427722772277228,0.05302122101067645,0.005275808677596634,0.0,0.0,0.0,0.00011881188118892905,0.0007076264707002841,7.04114655123822e-05
VAL 190,R VAL 190,0.0,0.0,0.0,-8.910891089105731e-05,0.0002849008825729312,2.834869736837155e-05,-0.0192277227722773,0.013654782782381919,0.0013587016692709042,0.01944554455445546,0.01363925264896402,0.0013571563632389311,0.0,0.0,0.0,0.00012871287128709256,0.0006239980695680248,6.209012858394248e-05
ASP 191,R ASP 191,0.0,0.0,0.0,-8.910891089110128e-05,0.0002849008825730718,2.8348697368385542e-05,4.952227722772278,0.17210766151517556,0.017125352392767218,-4.947405940594057,0.17145355161318343,0.01706026602487054,0.0,0.0,0.0,0.004732673267327522,0.0009107834632921026,9.062634182038966e-05
ALA 192,R ALA 192,0.0,0.0,0.0,-2.9702970297039623e-05,0.00016976661583651456,1.689240964134241e-05,-0.023881188118812364,0.011644305223280775,0.0011586516751320804,0.02382178217821782,0.011563339165890864,0.0011505952513073165,0.0,0.0,0.0,-8.910891089129695e-05,0.0005468000503552077,5.440863857121264e-05
VAL 193,R VAL 193,0.0,0.0,0.0,-2.9702970297030827e-05,0.00016976661583646433,1.6892409641337412e-05,0.04202970297029729,0.008246758073549697,0.0008205830981846434,-0.04198019801980196,0.008236576475696507,0.0008195699913326747,0.0,0.0,0.0,1.9801980198554047e-05,0.0005446444570090116,5.4194149016569215e-05
HIE 194,R HIE 194,0.0,0.0,0.0,0.0,0.0,0.0,-0.010623762376237276,0.01445433333575742,0.0014382599228770644,0.010544554455445526,0.014432173047081132,0.0014360548917391946,0.0,0.0,0.0,-7.920792079170115e-05,0.0005572771199789809,5.5451145963220014e-05
LYS 195,R LYS 195,0.0,0.0,0.0,-9.900990099013208e-06,9.900990099013207e-05,9.851853368419025e-06,-3.5422475247524745,0.18666942273702136,0.01857430178983664,3.541019801980199,0.1863461582565675,0.01854213577180409,0.0,0.0,0.0,-0.0012376237623758155,0.0006770424157328249,6.736823830037734e-05
LEU 196,R LEU 196,0.0,0.0,0.0,-9.900990099013208e-06,9.900990099013207e-05,9.851853368419025e-06,0.0271782178217811,0.009968659839820954,0.0009919187277174601,-0.027108910891089126,0.009987022262182399,0.0009937458570326585,0.0,0.0,0.0,5.940594059290087e-05,0.0005771521442288461,5.742878479171415e-05
LYS 197,R LYS 197,0.0,0.0,0.0,-2.9702970297022035e-05,0.00016976661583641405,1.6892409641332408e-05,-3.5973861386138637,0.12971758892746585,0.012907382520720002,3.5960693069306964,0.12942364677697382,0.012878134183569015,0.0,0.0,0.0,-0.001346534653464741,0.0006515122327255343,6.482789014386521e-05
TYR 198,R TYR 198,0.0,0.0,0.0,0.0,0.0,0.0,-0.08828712871287228,0.008711363505901421,0.0008668130665809991,0.08807920792079214,0.008662749624441819,0.0008619758045797226,0.0,0.0,0.0,-0.00020792079208030624,0.0005855830923806744,5.8267695487694274e-05
GLU 199,R GLU 199,0.0,0.0,0.0,-9.900990099004414e-06,9.900990099004413e-05,9.851853368410273e-06,4.022693069306931,0.11488390546176162,0.011431375849102131,-4.020495049504949,0.11451755226812167,0.011394922343859736,0.0,0.0,0.0,0.002188118811881365,0.0006404341239127568,6.372557711727456e-05
ASN 200,R ASN 200,0.0,0.0,0.0,-9.900990099013208e-06,9.900990099013207e-05,9.851853368419025e-06,-0.09944554455445556,0.03277510382354313,0.0032612447217419027,0.0992772277227722,0.03270362526060046,0.0032541323388988303,0.0,0.0,0.0,-0.00017821782178134078,0.0005521522175676238,5.49411991136703e-05
TYR 201,R TYR 201,0.0,0.0,0.0,-6.930693069304848e-05,0.0002539753532351843,2.5271492186572727e-05,0.04916831683168367,0.013949036878588323,0.0013879810461806042,-0.048990099009900985,0.013915939325713148,0.0013846877165790302,0.0,0.0,0.0,0.00010891089108957618,0.0005953780743916726,5.924233262553238e-05
THR 202,R THR 202,0.0,0.0,0.0,-8.910891089106611e-05,0.00028490088257295925,2.8348697368374344e-05,-0.11288118811881212,0.017585596676529272,0.001749832270517981,0.11276237623762375,0.01751047692880706,0.0017423575762477016,0.0,0.0,0.0,-0.00020792079207954995,0.0007218901439033717,7.183075404298957e-05
SER 203,R SER 203,0.0,0.0,0.0,-5.9405940594079245e-05,0.00023638289873895662,2.352097753749038e-05,0.046594059405940344,0.029283245714244573,0.0029137918535730627,-0.04626732673267323,0.029209347171078252,0.00290643867369778,0.0,0.0,0.0,0.00026732673267300047,0.0006732673267327456,6.69926029052342e-05
SER 204,R SER 204,0.0,0.0,0.0,-0.0001881188118811762,0.00039080701695028315,3.8886751606055734e-05,-0.1622574257425741,0.05756178831969427,0.005727612011309076,0.1631287128712872,0.05732548434831631,0.005704098887337537,0.0,0.0,0.0,0.000683168316831487,0.0009112138902847647,9.066917090692656e-05
PHE 205,R PHE 205,0.0,0.0,0.0,-0.0006831683168316123,0.00046524119304829764,4.629322895007212e-05,0.1002574257425743,0.01832849508244202,0.001823753424761071,-0.09937623762376233,0.01819141974066793,0.0018101139184684748,0.0,0.0,0.0,0.00019801980198051478,0.0009229719751622422,9.183914408080013e-05
PHE 206,R PHE 206,0.0,0.0,0.0,-0.0011188118811881406,0.0003798678434307144,3.779826315784262e-05,-0.20770297029702964,0.020555910019308437,0.002045389494782203,0.20915841584158415,0.020595939556217004,0.002049372582575294,0.0,0.0,0.0,0.00033663366336557626,0.001064989450258515,0.00010597041101885139
ILE 207,R ILE 207,0.0,0.0,0.0,-0.0027128712871287396,0.0008002058356901319,7.962345663347452e-05,-0.15456435643564403,0.03971991441107827,0.003952279203098058,0.1536138613861386,0.039375061287905744,0.003917965034826385,0.0,0.0,0.0,-0.003663366336633951,0.0014910772750099865,0.00014836773421119043
ARG 208,R ARG 208,0.0,0.0,0.0,-0.0015346534653465436,0.000498797691794399,4.96322253726327e-05,-7.549950495049509,0.24403616743123374,0.024282506235038928,7.54061386138614,0.2438911041817057,0.02426807190221762,0.0,0.0,0.0,-0.010871287128709906,0.0018437121740977553,0.00018345621812701808
ASP 209,R ASP 209,0.0,0.0,0.0,-0.0002574257425742862,0.00043721588447172456,4.3504606519992e-05,5.700465346534654,0.16004489248642537,0.01592506201271525,-5.691980198019799,0.15896839340872132,0.015817946350961024,0.0,0.0,0.0,0.00822772277227768,0.001273345854715485,0.00012670264814416333
ILE 210,R ILE 210,0.0,0.0,0.0,-0.0005841584158415242,0.0004928664738476187,4.904204712860396e-05,-0.11813861386138588,0.0373241168293171,0.0037138884336913053,0.11911881188118813,0.03740659314171172,0.003722095133505708,0.0,0.0,0.0,0.00039603960396080064,0.0009019144426152359,8.974384127896728e-05
ILE 211,R ILE 211,0.0,0.0,0.0,-0.0014554455445543787,0.0005720339336892553,5.691950380829238e-05,-0.22191089108910875,0.0253994226994106,0.002527337019577734,0.2232970297029703,0.02560613499912002,0.0025479056621662047,0.0,0.0,0.0,-6.93069306913095e-05,0.00107406349483556,0.00010687331220082969
LYS 212,R LYS 212,0.0,0.0,0.0,-0.0004950495049505812,0.0004999754919982097,4.974942087317555e-05,-5.531782178217823,0.16167689352588094,0.016087452185587214,5.5298712871287155,0.16187947254361465,0.01610760955124734,0.0,0.0,0.0,-0.002405940594058899,0.0011006588289992029,0.00010951964685871837
PRO 213,R PRO 213,0.0,0.0,0.0,-0.00041584158415836124,0.0004928664738476045,4.904204712860255e-05,-0.18250495049504936,0.020325384685691016,0.0020224513667587134,0.1836930693069307,0.02051357559394923,0.002041177062016345,0.0,0.0,0.0,0.0007722772277236073,0.0008429226397529171,8.387393750241296e-05
ASP 214,R ASP 214,0.0,0.0,0.0,-0.00046534653465345145,0.0004987976917944407,4.963222537263684e-05,6.7385148514851485,0.34207444079726285,0.03403767904135617,-6.7233762376237625,0.3399585545934814,0.0338271404950547,0.0,0.0,0.0,0.014673267326732175,0.002238762524568119,0.0002227651971993683
PRO 215,R PRO 215,0.0,0.0,0.0,-0.0001881188118811894,0.0003908070169503106,3.8886751606058465e-05,0.203623762376238,0.023096376418527957,0.0022981753495524312,-0.2023564356435642,0.022910322010441502,0.002279662244007578,0.0,0.0,0.0,0.0010792079207923076,0.0006243121889289138,6.212138462856742e-05
PRO 216,R PRO 216,0.0,0.0,0.0,-0.0001980198019802026,0.00039850716430690243,3.965294490504907e-05,-0.07880198019801969,0.01741913128409919,0.001733268344882898,0.07946534653465341,0.01745974967012086,0.0017373100253526847,0.0,0.0,0.0,0.0004653465346536647,0.0006684451655290098,6.65127799317437e-05
LYS 217,R LYS 217,0.0,0.0,0.0,-0.0004851485148514493,0.0004997793847177439,4.9729907469442104e-05,-7.520386138613858,0.5552231728675519,0.05524677058696039,7.509831683168319,0.5536802714171243,0.055093246154559954,0.0,0.0,0.0,-0.011039603960397923,0.002156825647300935,0.00021461217318631635
ASN 218,R ASN 218,0.0,0.0,0.0,-0.00015841584158416295,0.00036513047355616447,3.6331840046736865e-05,0.000950495049504283,0.038222220544067535,0.0038032530933755485,-0.0008712871287128457,0.03807201705323359,0.0037883072874276345,0.0,0.0,0.0,-7.920792079203531e-05,0.0006991248888670729,6.956552650241632e-05
LEU 219,R LEU 219,0.0,0.0,0.0,-5.940594059409683e-05,0.0002363828987390266,2.352097753749734e-05,0.005059405940594439,0.018031777111135575,0.001794228883115714,-0.00502970297029702,0.018015645260972414,0.00179262370402979,0.0,0.0,0.0,-2.970297029671425e-05,0.0006668300293265894,6.635206787287742e-05
GLN 220,R GLN 220,0.0,0.0,0.0,-8.910891089111887e-05,0.00028490088257312796,2.8348697368391133e-05,0.08352475247524661,0.09352731311336815,0.009306315484821573,-0.08321782178217832,0.09331184848947481,0.009284875953426724,0.0,0.0,0.0,0.00021782178217714737,0.0007120457265886169,7.085119790857675e-05
LEU 221,R LEU 221,0.0,0.0,0.0,-2.9702970297030827e-05,0.0001697666158364643,1.689240964133741e-05,0.02346534653465295,0.016044223757135854,0.0015964599326400816,-0.02344554455445545,0.015978001738482364,0.0015898705955029813,0.0,0.0,0.0,-9.900990099507862e-06,0.0006820912732531186,6.78706184004537e-05
LYS 222,R LYS 222,0.0,0.0,0.0,-2.9702970297035225e-05,0.00016976661583648946,1.6892409641339913e-05,-4.557990099009901,0.23029415090611188,0.02291512448394128,4.55429702970297,0.22963701639351217,0.022849737156040557,0.0,0.0,0.0,-0.003722772277227383,0.0008219610922971161,8.17881855741256e-05
PRO 223,R PRO 223,0.0,0.0,0.0,-9.900990099004414e-06,9.900990099004413e-05,9.851853368410273e-06,-0.0067920792079209326,0.015012415213028046,0.0014937911451837122,0.006801980198019774,0.015033968009099242,0.0014959357285480974,0.0,0.0,0.0,1.2311384035447282e-16,0.0005970223141255594,5.940594059401622e-05
LEU 224,R LEU 224,0.0,0.0,0.0,-9.900990099013208e-06,9.900990099013207e-05,9.851853368419025e-06,-0.02444554455445595,0.010933168036635695,0.0010878908803267646,0.024376237623762353,0.010816060194070314,0.0010762382144649835,0.0,0.0,0.0,-7.920792079266407e-05,0.0006243121889275585,6.212138462843258e-05
LYS 225,R LYS 225,0.0,0.0,0.0,-9.900990099013208e-06,9.900990099013207e-05,9.851853368419025e-06,-3.318405940594058,0.16375127106864523,0.016293860465745904,3.3174257425742586,0.1635342545359402,0.01627226651365271,0.0,0.0,0.0,-0.0009900990099008635,0.0006213216431597805,6.182381420263616e-05
ASN 226,R ASN 226,0.0,0.0,0.0,-9.90099009900881e-06,9.90099009900881e-05,9.851853368414649e-06,-0.048712871287127604,0.03878382245002353,0.003859134571627451,0.048554455445544605,0.03868570366773496,0.0038493713878839267,0.0,0.0,0.0,-0.0001683168316818615,0.0006144998276907186,6.114501819298951e-05
SER 227,R SER 227,0.0,0.0,0.0,0.0,0.0,0.0,0.007851485148515054,0.027091844572653172,0.0026957392901178555,-0.007831683168316804,0.027067963346753578,0.0026933630193260653,0.0,0.0,0.0,1.9801980198233072e-05,0.0005798633847266675,5.769856330440772e-05
ARG 228,R ARG 228,0.0,0.0,0.0,0.0,0.0,0.0,-3.305089108910892,0.07533517172740313,0.007496129759962222,3.304089108910891,0.07526679925109353,0.007489326444290742,0.0,0.0,0.0,-0.0010000000000025236,0.0005628780357844224,5.600845791578494e-05
GLN 229,R GLN 229,0.0,0.0,0.0,-1.980198019803521e-05,0.00013931927999486375,1.3862786490816798e-05,-0.05702970297029567,0.0297469377558834,0.002959930936196566,0.05698019801980199,0.029612340282228353,0.002946537986997058,0.0,0.0,0.0,-6.930693069220427e-05,0.000648798214867749,6.455783527352618e-05
VAL 230,R VAL 230,0.0,0.0,0.0,-2.9702970297022035e-05,0.00016976661583641405,1.6892409641332408e-05,-0.0032673267326729693,0.007963892636326948,0.000792436935198479,0.003287128712871284,0.007935802608611112,0.0007896418729733503,0.0,0.0,0.0,-9.90099009865266e-06,0.0006370577402828873,6.338961438926091e-05
GLU 231,R GLU 231,0.0,0.0,0.0,-2.9702970297039623e-05,0.0001697666158365146,1.6892409641342416e-05,4.626227722772278,0.14835232889603217,0.014761608450581604,-4.622297029702972,0.14801769659745345,0.014728311292368476,0.0,0.0,0.0,0.0039009900990102362,0.0007106676611851658,7.071407527587919e-05
VAL 232,R VAL 232,0.0,0.0,0.0,-3.9603960396026446e-05,0.00019502688716421454,1.9405900581928064e-05,0.014841584158415513,0.012301277944774518,0.0012240229042160546,-0.014792079207920805,0.012282416661359095,0.001222146136370711,0.0,0.0,0.0,9.900990098476782e-06,0.0005357524458796277,5.330936083961941e-05
SER 233,R SER 233,0.0,0.0,0.0,-1.9801980198026416e-05,0.00013931927999480184,1.3862786490810638e-05,-0.0896534653465343,0.04598050289424022,0.004575231040432707,0.08944554455445546,0.045743251462991026,0.004551623640680356,0.0,0.0,0.0,-0.00022772277227668601,0.0006274447333758932,6.243308445104046e-05
TRP 234,R TRP 234,0.0,0.0,0.0,-0.000277227722772405,0.0004476298833846543,4.454083814170915e-05,0.06452475247524833,0.023391034103345837,0.0023274948850299276,-0.06370297029702979,0.023148057487287384,0.002303317808096974,0.0,0.0,0.0,0.0005445544554462277,0.0007646231515371352,7.608284722750179e-05
GLU 235,R GLU 235,0.0,0.0,0.0,-0.000425742574257436,0.0004944550886805576,4.9200120212573304e-05,6.800891089108912,0.3833884337179382,0.03814857498457059,-6.7831683168316825,0.37997863591080405,0.03780928742165109,0.0,0.0,0.0,0.017297029702970788,0.0035223320201961976,0.00035048513563626995
TYR 236,R TYR 236,0.0,0.0,0.0,-0.0012970297029703168,0.00045694973303803317,4.546819784293692e-05,0.0001287128712884468,0.04372679885318869,0.004350979106775425,0.0033960396039604355,0.04325976778795444,0.004304507778886278,0.0,0.0,0.0,0.0022277227722797394,0.0012498014742838251,0.00012435989472916795
PRO 237,R PRO 237,0.0,0.0,0.0,-0.0009504950495049865,0.00040726660992476454,4.052454232058854e-05,0.24585148514851438,0.03992775310597073,0.003972959926196328,-0.23907920792079207,0.03897414303246669,0.003878072177386788,0.0,0.0,0.0,0.0058217821782184645,0.0014377928602509016,0.00014306573677680406
ASP 238,R ASP 238,0.0,0.0,0.0,-0.0015940594059406482,0.0007061009635514933,7.02596718776844e-05,8.774178217821783,0.7892051948166033,0.07852885195494401,-8.733811881188117,0.7799306355660797,0.0776059988172363,0.0,0.0,0.0,0.038772277227722036,0.008996018027928042,0.0008951372501587926
THR 239,R THR 239,0.0,0.0,0.0,-0.002752475247524704,0.000948223357925729,9.435175057618983e-05,-0.07249504950495038,0.15983175707459465,0.015903854246583023,0.08219801980198027,0.15869729700056884,0.015790971250136617,0.0,0.0,0.0,0.006950495049505513,0.0027480911020964496,0.00027344528486711236
TRP 240,R TRP 240,0.0,0.0,0.0,-0.008089108910891074,0.0023212279521751325,0.0002309708139369231,0.066495049504951,0.09901281282846928,0.009852143107162765,-0.06425742574257425,0.09727806968118743,0.009679529712462028,0.0,0.0,0.0,-0.005851485148514601,0.004369983434761383,0.00043482960381891644
SER 241,R SER 241,0.0,0.0,0.0,-0.030900990099009887,0.010925947814874831,0.0010871724414094023,-0.6391683168316832,0.25675457593488776,0.025548035181180803,0.6619405940594062,0.2612310089466607,0.02599345691380058,-0.0023345108910891098,0.0070337692337496946,0.0006998861974935764,-0.010463223762376026,0.01570077526070401,0.001562285529952943
THR 242,R THR 242,0.0,0.0,0.0,-0.04168316831683161,0.017717771295079374,0.0017629841366238982,0.44460396039603955,0.21000240824681973,0.020896020623924656,-0.3346336633663369,0.19417281895067812,0.01932091761838357,-0.0012406811881188107,0.008176007453745714,0.0008135431483911063,0.06704644752475257,0.02688654462378654,0.002675311181690805
PRO 243,R PRO 243,0.0,0.0,0.0,-0.02460396039603968,0.008478369925433302,0.0008436293388164028,0.08178217821782212,0.0753032948617624,0.007492957893280238,-0.055267326732673275,0.07795148162102526,0.0077564623244890584,0.0,0.0,0.0,0.0019108910891088983,0.004631145122597269,0.0004608161630243882
HIE 244,R HIE 244,0.0,0.0,0.0,-0.004356435643564439,0.0009500824186848653,9.453673403560989e-05,-0.17814851485148467,0.14653708253271713,0.014580984686492413,0.18744554455445553,0.14682962951635936,0.01461009419935319,0.0,0.0,0.0,0.004940594059406043,0.0022241775971652286,0.00022131394268112942
SER 245,R SER 245,0.0,0.0,0.0,-0.0023168316831683605,0.0005958718227061613,5.929146241908436e-05,-0.12246534653465346,0.15612653946043223,0.015535171314191748,0.12953465346534665,0.1564116531297489,0.01556354118463248,0.0,0.0,0.0,0.004752475247524669,0.0020748658102571938,0.00020645686459010905
TYR 246,R TYR 246,0.0,0.0,0.0,-0.030881188118811916,0.009807339269081535,0.000975866730974298,-0.18736633663366342,0.1336124677567359,0.013294937449368526,0.23487128712871302,0.1295911822698815,0.012894804588181347,0.0,0.0,0.0,0.016623762376236976,0.0049509504741011255,0.0004926379848618397
PHE 247,R PHE 247,0.0,0.0,0.0,-0.050356435643564394,0.021018890211217344,0.002091457745710195,-0.0811782178217823,0.06198744619624744,0.006167981429140693,0.12056435643564352,0.06074201505467738,0.006044056398769904,-0.015648594059405947,0.0247149694992744,0.002459231380668358,-0.02661889108910895,0.033355495444001335,0.0033189958464661185
SER 248,R SER 248,0.0,0.0,0.0,-0.0011386138613861496,0.00034554313597255756,3.438282711144819e-05,0.047990099009901144,0.057514784160421294,0.00572293492265196,-0.04097029702970297,0.056976016396956285,0.0056693255264985655,0.0,0.0,0.0,0.005881188118811445,0.001690316794448929,0.00016819280737132182
LEU 249,R LEU 249,0.0,0.0,0.0,-0.0007920792079208983,0.00042952498937598465,4.2739333855365525e-05,0.02276237623762397,0.027199719172564862,0.0027064732139969712,-0.021316831683168325,0.02697851389057498,0.0026844624657718892,0.0,0.0,0.0,0.0006534653465348893,0.0008494103203781446,8.451948585244357e-05
THR 250,R THR 250,0.0,0.0,0.0,-0.0002079207920792158,0.00040581983231524697,4.038058256784523e-05,0.09535643564356422,0.03972693531189575,0.003952977808840275,-0.09439603960396044,0.03955722242146687,0.003936090745076798,0.0,0.0,0.0,0.0007524752475243706,0.0007886062475936338,7.846925447876125e-05
PHE 251,R PHE 251,0.0,0.0,0.0,-0.00016831683168314537,0.0003741473985680912,3.722905761955704e-05,-0.016633663366335788,0.017152041573645988,0.0017066919253805625,0.01635643564356435,0.01701809413211194,0.0016933636567945769,0.0,0.0,0.0,-0.0004455445544546347,0.0006671239813042597,6.638131718786919e-05
CYS 252,R CYS 252,0.0,0.0,0.0,-7.920792079209687e-05,0.00027006300390077024,2.6872273258109177e-05,0.038811881188118263,0.02470888438898526,0.002458625889563936,-0.03867326732673269,0.024648060960784663,0.0024525737322543695,0.0,0.0,0.0,5.940594059327351e-05,0.0006104986142367248,6.074688257372027e-05
VAL 253,R VAL 253,0.0,0.0,0.0,-1.980198019803521e-05,0.00013931927999486375,1.3862786490816798e-05,0.008138613861386588,0.016399124404885883,0.001631773866974171,-0.008099009900990096,0.016320736339493637,0.0016239739629407813,0.0,0.0,0.0,1.98019801984749e-05,0.0005625296123302586,5.59737884863015e-05
GLN 254,R GLN 254,0.0,0.0,0.0,-9.900990099013208e-06,9.900990099013207e-05,9.851853368419025e-06,0.12672277227722836,0.028098877329280597,0.002795942794578253,-0.12641584158415847,0.02805837879014627,0.00279191303931947,0.0,0.0,0.0,0.00029702970297108215,0.0005723765715960618,5.6953597554297203e-05
VAL 255,R VAL 255,0.0,0.0,0.0,0.0,0.0,0.0,0.02320792079207915,0.011002535109928126,0.0010947931620969638,-0.02303960396039604,0.011010274942007507,0.0010955633041734602,0.0,0.0,0.0,0.00016831683168316296,0.0005981705927528058,5.9520198587899556e-05
GLN 256,R GLN 256,0.0,0.0,0.0,0.0,0.0,0.0,0.06279207920792092,0.03325697033517848,0.0033091922317212957,-0.06276237623762385,0.03311071990415351,0.003294639769925887,0.0,0.0,0.0,2.9702970296749426e-05,0.0006045282187110149,6.0152806014885805e-05
GLY 257,R GLY 257,0.0,0.0,0.0,0.0,0.0,0.0,0.005405940594058485,0.01269612727872772,0.0012633118813973627,-0.005356435643564303,0.012690203720337962,0.0012627224653077437,0.0,0.0,0.0,4.950495049420424e-05,0.0005146610462720368,5.121068813930607e-05
LYS 258,R LYS 258,0.0,0.0,0.0,-1.980198019800883e-05,0.00013931927999467813,1.3862786490798329e-05,-4.099970297029703,0.1449119538383718,0.014419278337517313,4.097574257425744,0.1446098435863274,0.014389217243884523,0.0,0.0,0.0,-0.0024158415841578507,0.0006787776832071735,6.754090386757121e-05
SER 259,R SER 259,0.0,0.0,0.0,-9.90099009900881e-06,9.90099009900881e-05,9.851853368414649e-06,0.04330693069306926,0.023925106980840438,0.0023806371225688866,-0.043346534653465385,0.02386697276533988,0.0023748525519242127,0.0,0.0,0.0,-4.950495049518036e-05,0.0005517970215081135,5.4905855784767416e-05
LYS 260,R LYS 260,0.0,0.0,0.0,0.0,0.0,0.0,-3.483910891089109,0.29827633871599973,0.02967960499820914,3.4826732673267333,0.29784127970987534,0.02963631500910618,0.0,0.0,0.0,-0.0012376237623771523,0.0006622570894333593,6.589704334664154e-05
ARG 261,R ARG 261,0.0,0.0,0.0,-2.9702970297022035e-05,0.00016976661583641405,1.6892409641332408e-05,-3.2686534653465324,0.24936161803174886,0.024812408375252795,3.2677821782178236,0.24900561065529023,0.024776984317296254,0.0,0.0,0.0,-0.0009009900990088564,0.0006965963999743233,6.931393245408444e-05
GLU 262,R GLU 262,0.0,0.0,0.0,0.0,0.0,0.0,3.6141287128712873,0.3079104171949467,0.030638231636204532,-3.612603960396039,0.30727963460942204,0.030575466423051145,0.0,0.0,0.0,0.001524752475248544,0.0008033846643608226,7.993976190833882e-05
LYS 263,R LYS 263,0.0,0.0,0.0,0.0,0.0,0.0,-3.3646732673267326,0.1249805615706516,0.012436030681612772,3.36360396039604,0.1248034557156794,0.012418407990382643,0.0,0.0,0.0,-0.0010693069306934617,0.0006786332470586208,6.752653193362915e-05
LYS 264,R LYS 264,0.0,0.0,0.0,-9.900990099013208e-06,9.900990099013207e-05,9.851853368419025e-06,-3.5558217821782176,0.12779705415340759,0.012716282168192051,3.554524752475246,0.12757165286632416,0.01269385390185513,0.0,0.0,0.0,-0.0013069306930698489,0.0006561600604265464,6.529036628548474e-05
ASP 265,R ASP 265,0.0,0.0,0.0,0.0,0.0,0.0,4.0170099009901,0.15690777357067356,0.015612907013586821,-4.014742574257426,0.15666048636915342,0.015588301017369273,0.0,0.0,0.0,0.002267326732673189,0.0005783398758999535,5.754696851018835e-05
ARG 266,R ARG 266,0.0,0.0,0.0,-1.980198019803521e-05,0.00013931927999486375,1.3862786490816798e-05,-4.593188118811881,0.24984734796387745,0.024860740309939407,4.589544554455446,0.24920652395003404,0.024796975937324023,0.0,0.0,0.0,-0.0036633663366345526,0.0008819109283791529,8.775341721898753e-05
VAL 267,R VAL 267,0.0,0.0,0.0,-3.960396039603524e-05,0.00019502688716425783,1.940590058193237e-05,0.03730693069306875,0.013793916419325241,0.0013725459835876822,-0.037069306930693074,0.01378567015055317,0.0013717254491768145,0.0,0.0,0.0,0.0001980198019794903,0.0005805392164074557,5.7765811070078355e-05
PHE 268,R PHE 268,0.0,0.0,0.0,-8.910891089113646e-05,0.0002849008825731842,2.834869736839673e-05,-0.0910495049504946,0.011649481557003929,0.001159166739588428,0.09076237623762375,0.011597326864113985,0.0011539771536814806,0.0,0.0,0.0,-0.00037623762376208086,0.0005776614711220649,5.747946471178682e-05
THR 269,R THR 269,0.0,0.0,0.0,-7.920792079209687e-05,0.00027006300390077024,2.6872273258109177e-05,0.08412871287128734,0.01908120394230613,0.001898650755657606,-0.08374257425742575,0.018984440458222996,0.001889022429125905,0.0,0.0,0.0,0.0003069306930697172,0.0006408931616908786,6.37712530833688e-05
ASP 270,R ASP 270,0.0,0.0,0.0,-0.000188118811881174,0.00039080701695027865,3.888675160605529e-05,6.065178217821781,0.268658139577411,0.026732484033215015,-6.053643564356437,0.2667176570779865,0.026539398807827113,0.0,0.0,0.0,0.01134653465346465,0.0020364774652859023,0.0002026370814984045
LYS 271,R LYS 271,0.0,0.0,0.0,-9.90099009901057e-05,0.0002986753094851361,2.9719304073518878e-05,-4.973445544554455,0.20051199195008668,0.01995168890734222,4.968534653465344,0.199866171281995,0.01988742734904647,0.0,0.0,0.0,-0.005009900990098625,0.000989999995048677,9.850868133811387e-05
THR 272,R THR 272,0.0,0.0,0.0,-0.000198019801980229,0.0003985071643069555,3.9652944905054346e-05,-0.020851485148515148,0.051998169453426196,0.005174011242900009,0.021257425742574294,0.05180497576647706,0.005154787752557191,0.0,0.0,0.0,0.0002079207920789344,0.0007080419476742288,7.045280701645728e-05
SER 273,R SER 273,0.0,0.0,0.0,-5.940594059405726e-05,0.00023638289873886912,2.352097753748167e-05,0.06921782178217772,0.04629171470901555,0.004606197773406126,-0.06899999999999999,0.046111788402782294,0.004588294436786206,0.0,0.0,0.0,0.00015841584158359575,0.0006407401856383574,6.375603139722181e-05
ALA 274,R ALA 274,0.0,0.0,0.0,-1.9801980198026416e-05,0.00013931927999480184,1.3862786490810638e-05,0.025623762376237702,0.011902118527744837,0.0011843050577393477,-0.02563366336633661,0.011942703785511063,0.0011883434418245129,0.0,0.0,0.0,-2.9702970296881333e-05,0.0006364419279194324,6.332833876887805e-05
THR 275,R THR 275,0.0,0.0,0.0,-2.9702970297022035e-05,0.00016976661583641405,1.6892409641332408e-05,0.010108910891088976,0.012362431903805272,0.0012301079505724725,-0.01013861386138617,0.012297492059355297,0.0012236461945370548,0.0,0.0,0.0,-5.940594059411442e-05,0.0005940594059405225,5.9111120210487286e-05
VAL 276,R VAL 276,0.0,0.0,0.0,-9.900990099013208e-06,9.900990099013207e-05,9.851853368419025e-06,0.009663366336633583,0.00736095832617261,0.0007324427290127619,-0.009603960396039604,0.007275456105495089,0.0007239349400707944,0.0,0.0,0.0,4.9504950494995684e-05,0.0005146610462720204,5.121068813930444e-05
ILE 277,R ILE 277,0.0,0.0,0.0,-9.900990099013208e-06,9.900990099013207e-05,9.851853368419025e-06,0.03702970297029712,0.009899950440464688,0.000985081886949813,-0.03692079207920793,0.009857080852715307,0.0009808162035358523,0.0,0.0,0.0,9.900990099026398e-05,0.0006053384700056422,6.023342903204281e-05
CYS 278,R CYS 278,0.0,0.0,0.0,0.0,0.0,0.0,-0.009693069306930403,0.011626823352593504,0.0011569121639832527,0.009633663366336623,0.01152674270862479,0.001146953767706349,0.0,0.0,0.0,-5.940594059365714e-05,0.0005940594059408939,5.9111120210524244e-05
ARG 279,R ARG 279,0.0,0.0,0.0,-9.90099009900881e-06,9.90099009900881e-05,9.851853368414649e-06,-3.4357524752475257,0.1510934669705981,0.015034361883350975,3.4345643564356427,0.15086276078252853,0.015011405759636894,0.0,0.0,0.0,-0.0011980198019788833,0.0005268964235920576,5.242815368627332e-05
LYS 280,R LYS 280,0.0,0.0,0.0,0.0,0.0,0.0,-3.067455445544553,0.07344015206752637,0.007307568256186577,3.066702970297031,0.07342087335787512,0.007305649952878351,0.0,0.0,0.0,-0.000752475247524054,0.0005341031270972484,5.314524748692147e-05
ASN 281,R ASN 281,0.0,0.0,0.0,-9.900990099013208e-06,9.900990099013207e-05,9.851853368419025e-06,-0.020445544554455703,0.039468617749797826,0.003927274250723093,0.020336633663366334,0.03942414127663976,0.003922848676234929,0.0,0.0,0.0,-0.00011881188118812331,0.0005129439147315105,5.103982716497544e-05
ALA 282,R ALA 282,0.0,0.0,0.0,0.0,0.0,0.0,0.01005940594059369,0.009086843696243692,0.0009041747419387676,-0.010049504950495041,0.00911247239887575,0.0009067248931643406,0.0,0.0,0.0,9.900990098642767e-06,0.0005885886711959609,5.8566761757626014e-05
SER 283,R SER 283,0.0,0.0,0.0,0.0,0.0,0.0,0.0034653465346531276,0.023989504452777023,0.0023870449105221274,-0.0034950495049505498,0.02392505781255678,0.0023806322301418046,0.0,0.0,0.0,-2.9702970297470522e-05,0.0005350200430155969,5.323648403082671e-05
ILE 284,R ILE 284,0.0,0.0,0.0,-2.9702970297030827e-05,0.0001697666158364643,1.689240964133741e-05,-0.0038910891089104756,0.010864513029505985,0.0010810594517879453,0.003900990099009899,0.010896002492053329,0.0010841927704213785,0.0,0.0,0.0,-1.9801980197729623e-05,0.0005446444570099216,5.419414901665976e-05
SER 285,R SER 285,0.0,0.0,0.0,-2.9702970297030827e-05,0.0001697666158364643,1.689240964133741e-05,-0.03016831683168286,0.013628064598162066,0.0013560431105755406,0.030376237623762355,0.01358861745941746,0.0013521179735657151,0.0,0.0,0.0,0.00017821782178225533,0.0005339195549585173,5.312698137640909e-05
VAL 286,R VAL 286,0.0,0.0,0.0,-8.910891089110128e-05,0.0002849008825730718,2.8348697368385542e-05,-0.031990099009900935,0.01210473685982597,0.0012044663353232522,0.032247524752475255,0.012169923924519618,0.0012109526906923325,0.0,0.0,0.0,0.00016831683168329928,0.0006610718408962325,6.577910670923321e-05
ARG 287,R ARG 287,0.0,0.0,0.0,-7.920792079210567e-05,0.0002700630039008002,2.687227325811216e-05,-4.841534653465347,0.12761533819137424,0.012698200754164255,4.837693069306931,0.12731894483675152,0.012668708513086184,0.0,0.0,0.0,-0.003920792079207506,0.0006552630537710522,6.520111078727648e-05
ALA 288,R ALA 288,0.0,0.0,0.0,-0.00014851485148516293,0.0003556096038825686,3.5384478105899826e-05,-0.1157227722772269,0.024557114196521648,0.002443524190977274,0.11566336633663363,0.02451278802557155,0.002439113572117778,0.0,0.0,0.0,-0.00020792079207841555,0.0007218901439028884,7.183075404294148e-05
GLN 289,R GLN 289,0.0,0.0,0.0,-0.0001881188118811894,0.0003908070169503106,3.8886751606058465e-05,-0.07107920792079167,0.07502325489880018,0.007465092875490994,0.0716534653465346,0.07465119359938699,0.0074280713924955956,0.0,0.0,0.0,0.00038613861386126006,0.0008784583371415156,8.740987155058331e-05
ASP 290,R ASP 290,0.0,0.0,0.0,-0.0007524752475246916,0.000431574152825774,4.294323323950146e-05,7.147267326732672,0.20135166473832933,0.020035239472533096,-7.123801980198018,0.1987357078641692,0.019774942034755615,0.0,0.0,0.0,0.02271287128712812,0.0029895416174455223,0.00029747050910388186
ARG 291,R ARG 291,0.0,0.0,0.0,-0.000732673267326652,0.00044256428987375385,4.403679274832592e-05,-6.719970297029703,0.1544835827378986,0.015371691010109103,6.709712871287127,0.1541869982469612,0.015342179750256878,0.0,0.0,0.0,-0.010990099009900563,0.0011213062529821477,0.00011157414233322475
TYR 292,R TYR 292,0.0,0.0,0.0,-0.001930693069306872,0.0005313428857424562,5.28705932067241e-05,-0.03187128712871225,0.03912955464681548,0.00389353621099355,0.037623762376237616,0.038726727661260826,0.0038534534278088436,0.0,0.0,0.0,0.003821782178217603,0.0012617451344202368,0.00012554833333146373
TYR 293,R TYR 293,0.0,0.0,0.0,-0.0008514851485148544,0.00040750724014366514,4.0548485922277986e-05,-0.059831683168315906,0.026134863217257463,0.0026005160862222266,0.0620990099009901,0.026084593894167923,0.0025955141016221492,0.0,0.0,0.0,0.0014158415841581413,0.0009776444385214118,9.727925751307681e-05
SER 294,R SER 294,0.0,0.0,0.0,-9.90099009900969e-05,0.0002986753094851096,2.971930407351624e-05,-0.03226732673267355,0.043665445270550454,0.004344874197127658,0.03266336633663371,0.043608582411664244,0.004339216131194314,0.0,0.0,0.0,0.00029702970296972787,0.0006221100226691559,6.190226089581895e-05
SER 295,R SER 295,0.0,0.0,0.0,-0.00022772277227722681,0.00041936274424846115,4.172815267157391e-05,-0.2170891089108904,0.026831376272403642,0.0026698217255559493,0.2169306930693069,0.026658180037016737,0.002652588056014516,0.0,0.0,0.0,-0.0003861386138605258,0.0007442225929893483,7.405291578189135e-05
SER 296,R SER 296,0.0,0.0,0.0,-0.00015841584158415856,0.0003651304735561542,3.633184004673584e-05,0.07850495049504974,0.038019178006431724,0.003783049605761324,-0.07745544554455447,0.037951121444048073,0.0037762777247003663,0.0,0.0,0.0,0.0008910891089108897,0.0006734129137879065,6.700708935866401e-05
TRP 297,R TRP 297,0.0,0.0,0.0,-0.0001782178217822905,0.0003826960017841557,3.8079675431990326e-05,0.020475247524752313,0.025731513236759842,0.0025603812630956655,-0.0201188118811882,0.025698667811800115,0.002557113021159348,0.0,0.0,0.0,0.0001782178217816046,0.0006950466841502277,6.915972996616124e-05
SER 298,R SER 298,0.0,0.0,0.0,-0.00013861386138612334,0.0003455431359725391,3.4382827111446354e-05,-0.10358415841584133,0.022950341280377096,0.002283644310198675,0.1034554455445544,0.022851446539768998,0.0022738039157165525,0.0,0.0,0.0,-0.000267326732673128,0.0006583972304373625,6.551297302164319e-05
GLU 299,R GLU 299,0.0,0.0,0.0,-0.00012871287128714092,0.0003348818717879083,3.332199167561021e-05,5.139851485148514,0.1557284629762678,0.015495561223562583,-5.134673267326732,0.15512652829352222,0.015435666484021674,0.0,0.0,0.0,0.005049504950496015,0.000788233237128639,7.843213855026051e-05
TRP 300,R TRP 300,0.0,0.0,0.0,-4.9504950495039656e-05,0.00021691982475447808,2.1584329292453912e-05,0.06808910891089161,0.030920562228278242,0.0030767109359339105,-0.0679504950495049,0.03075980926617657,0.0030607154183611525,0.0,0.0,0.0,8.910891089158494e-05,0.000646376187879107,6.431683458058707e-05
ALA 301,R ALA 301,0.0,0.0,0.0,-5.940594059404407e-05,0.00023638289873881665,2.352097753747645e-05,-0.004049504950495813,0.012312254410376783,0.0012251151033651861,0.0039900990099009884,0.01228175419591236,0.0012220802185950379,0.0,0.0,0.0,-0.00011881188118885265,0.0005318960799433785,5.2925638087056716e-05
SER 302,R SER 302,0.0,0.0,0.0,-2.9702970297026433e-05,0.0001697666158364392,1.6892409641334912e-05,0.06430693069306752,0.025748879654281697,0.0025621092862251615,-0.06424752475247517,0.025522812913581036,0.0025396148047784903,0.0,0.0,0.0,2.9702970295333617e-05,0.0006668300293263608,6.635206787285467e-05
VAL 303,R VAL 303,0.0,0.0,0.0,-9.900990099013208e-06,9.900990099013207e-05,9.851853368419025e-06,-0.00423762376237614,0.014845840511473658,0.0014772163428842377,0.004227722772277253,0.014786186481166086,0.001471280545014043,0.0,0.0,0.0,-1.980198019786483e-05,0.0005069848362177217,5.0446876690915337e-05
PRO 304,R PRO 304,0.0,0.0,0.0,-9.90099009900881e-06,9.90099009900881e-05,9.851853368414649e-06,-0.025237623762375882,0.01125857078565869,0.0011202696640342093,0.025168316831683104,0.011150695318133058,0.00110953565382428,0.0,0.0,0.0,-7.920792079184624e-05,0.0006243121889277608,6.21213846284527e-05
CYS 305,R CYS 305,0.0,0.0,0.0,0.0,0.0,0.0,-0.021584158415842214,0.01777486674093717,0.0017686653458259109,0.021564356435643618,0.017709099211502932,0.0017621212320563812,0.0,0.0,0.0,-1.9801980198510075e-05,0.0006130623992238672,6.100198871471115e-05
SER 306,R SER 306,0.0,0.0,0.0,0.0,0.0,0.0,3.530128712871286,0.13942538821372502,0.013873344653212188,-3.528920792079209,0.13922392271729522,0.013853298087063011,0.0,0.0,0.0,0.0012079207920783627,0.0005855830923796959,5.826769548759691e-05
UNL 307,L UNL   1,0.0,0.0,0.0,-2.7259306930693072,0.4799503327733222,0.04775684305631158,55.977534653465355,4.474789939346019,0.44525824080267906,-53.37082178217823,4.322227195397424,0.4300776803957455,-0.5833948277227725,0.08351435301319056,0.008309988716445027,-0.7026126495049484,0.44665135446493354,0.044443470875027334

