| Run on Wed Jul  5 21:29:50 2023
| GB non-polar solvation energies calculated with gbsa=2
idecomp = 1: Per-residue decomp adding 1-4 interactions to Internal.
Energy Decomposition Analysis (All units kcal/mol): Generalized Born solvent
DELTAS:
Total Energy Decomposition:
Residue,Location,Internal,,,van der Waals,,,Electrostatic,,,Polar Solvation,,,Non-Polar Solv.,,,TOTAL,,
,,Avg.,Std. Dev.,Std. Err. of Mean,Avg.,Std. Dev.,Std. Err. of Mean,Avg.,Std. Dev.,Std. Err. of Mean,Avg.,Std. Dev.,Std. Err. of Mean,Avg.,Std. Dev.,Std. Err. of Mean
ARG   1,R ARG   1,0.0,0.0,0.0,-3.960396039603524e-05,0.00019502688716425783,1.940590058193237e-05,-7.2128613861386155,0.20022734750072485,0.019923365726032035,7.210168316831687,0.1998712491177268,0.019887932612586364,0.0,0.0,0.0,-0.0027326732673290874,0.0006583972304375592,6.551297302166277e-05
ASN   2,R ASN   2,0.0,0.0,0.0,-9.90099009900881e-06,9.90099009900881e-05,9.851853368414649e-06,-0.01834653465346501,0.038916624675196576,0.003872348886926433,0.018287128712871362,0.03879479822068194,0.003860226701627085,0.0,0.0,0.0,-6.930693069227462e-05,0.0006333538848192775,6.302106699591551e-05
LEU   3,R LEU   3,0.0,0.0,0.0,-1.980198019800883e-05,0.00013931927999467813,1.3862786490798329e-05,0.044970297029702004,0.013585414022737993,0.0013517992197024599,-0.04473267326732674,0.013528767361403904,0.0013461626662295949,0.0,0.0,0.0,0.00021782178217712977,0.0006540651312842907,6.508191304474483e-05
PRO   4,R PRO   4,0.0,0.0,0.0,-1.980198019801762e-05,0.00013931927999473998,1.3862786490804483e-05,0.08736633663366335,0.012348666318557036,0.0012287382236457725,-0.08707920792079199,0.012292381258176823,0.0012231376508126197,0.0,0.0,0.0,0.00026732673267333023,0.0005430221465664518,5.403272309412791e-05
VAL   5,R VAL   5,0.0,0.0,0.0,-3.9603960396026446e-05,0.00019502688716421454,1.9405900581928064e-05,-0.07871287128712874,0.009535069853033911,0.0009487749115018837,0.07873267326732669,0.009520058125612175,0.0009472811887944914,0.0,0.0,0.0,-1.9801980197894506e-05,0.0006445536950004436,6.413548976127077e-05
ALA   6,R ALA   6,0.0,0.0,0.0,-1.980198019801982e-05,0.00013931927999475546,1.3862786490806023e-05,0.05004950495049413,0.012157690177331358,0.001209735387349538,-0.049881188118811884,0.01205456827970851,0.0011994743750235618,0.0,0.0,0.0,0.0001485148514840857,0.0005696296975706512,5.6680273373086666e-05
THR   7,R THR   7,0.0,0.0,0.0,-1.980198019802202e-05,0.0001393192799947709,1.386278649080756e-05,0.03884158415841621,0.019141336055910004,0.0019046341245937846,-0.03866336633663362,0.019056600024908995,0.0018962025743741056,0.0,0.0,0.0,0.00015841584158459825,0.000558155967899521,5.553859459976763e-05
PRO   8,R PRO   8,0.0,0.0,0.0,-9.900990099022002e-06,9.900990099022001e-05,9.851853368427774e-06,-0.09259405940594027,0.007124324832102156,0.0007088968163078182,0.09230693069306929,0.007181856367011357,0.0007146214179922702,0.0,0.0,0.0,-0.00029702970296991034,0.0006378266696398696,6.346612571994508e-05
ASP   9,R ASP   9,0.0,0.0,0.0,-9.900990099013208e-06,9.900990099013207e-05,9.851853368419025e-06,4.5978613861386135,0.16348167485660156,0.016267034640013583,-4.594009900990098,0.16305344413580763,0.016224424090695546,0.0,0.0,0.0,0.003841584158416386,0.0006709336374695741,6.676039214450925e-05
PRO  10,R PRO  10,0.0,0.0,0.0,-1.9801980198013223e-05,0.00013931927999470906,1.3862786490801405e-05,-0.018554455445544717,0.021749007145894197,0.002164107096030754,0.018524752475247503,0.02167427368541369,0.0021566708387776344,0.0,0.0,0.0,-4.950495049536503e-05,0.0006032295529398488,6.00235839408895e-05
GLY  11,R GLY  11,0.0,0.0,0.0,-5.9405940594061654e-05,0.0002363828987388866,2.3520977537483413e-05,-0.11709900990099022,0.025722627458642948,0.002559497095126639,0.11683168316831685,0.025626050060853688,0.0025498872848732377,0.0,0.0,0.0,-0.00032673267326731716,0.0006465278303877384,6.433192357415757e-05
MET  12,R MET  12,0.0,0.0,0.0,-0.00010891089108908812,0.00031152738064454,3.0998132951002086e-05,-0.10116831683168272,0.05434781081820321,0.005407809297060897,0.10119801980198018,0.05416732780947759,0.005389850566472599,0.0,0.0,0.0,-7.92079207916154e-05,0.0006243121889283394,6.212138462851027e-05
PHE  13,R PHE  13,0.0,0.0,0.0,-0.0002574257425742027,0.00043721588447158275,4.3504606519977893e-05,-0.016356435643565353,0.023546702764034113,0.002342984495703429,0.01577227722772276,0.023374218338439605,0.0023258216538835745,0.0,0.0,0.0,-0.0008415841584164567,0.0010121311039729625,0.00010071080898213911
PRO  14,R PRO  14,0.0,0.0,0.0,-5.940594059407045e-05,0.0002363828987389216,2.3520977537486892e-05,-0.007297029702970808,0.017041326910206357,0.001695675404618161,0.007227722772277208,0.01699672722609834,0.0016912375701822516,0.0,0.0,0.0,-0.00012871287128754543,0.0005914132484379132,5.884781769786234e-05
CYS  15,R CYS  15,0.0,0.0,0.0,-0.00010891089108910131,0.00031152738064457773,3.099813295100584e-05,-0.02342574257425728,0.03462596362733888,0.003445412155606056,0.02403960396039604,0.03483963851311236,0.0034666736014019044,0.0,0.0,0.0,0.000504950495049236,0.0008631483056514386,8.588646647899204e-05
LEU  16,R LEU  16,0.0,0.0,0.0,-0.00015841584158416734,0.00036513047355617455,3.633184004673787e-05,-0.003920792079208632,0.013346622792552313,0.0013280386042293852,0.004188118811881187,0.013249108224267739,0.001318335542026343,0.0,0.0,0.0,0.00010891089108836263,0.0006879585253875863,6.845443180826714e-05
HIE  17,R HIE  17,0.0,0.0,0.0,-4.9504950495092416e-05,0.00021691982475470929,2.1584329292476918e-05,0.06893069306930767,0.02108833727031505,0.002098367986365488,-0.0687524752475248,0.02112452750217095,0.0021019690490273824,0.0,0.0,0.0,0.0001287128712878532,0.0005914132484380618,5.884781769787713e-05
HIE  18,R HIE  18,0.0,0.0,0.0,-7.920792079208807e-05,0.00027006300390074026,2.6872273258106192e-05,0.06342574257425693,0.02586038161589873,0.0025732041460841933,-0.06295049504950495,0.02579599179764626,0.002566797119700986,0.0,0.0,0.0,0.00039603960395994433,0.000704711273238473,7.012139252325141e-05
SER  19,R SER  19,0.0,0.0,0.0,-7.920792079204411e-05,0.0002700630039005903,2.6872273258091274e-05,0.0028514851485151003,0.021183959062382834,0.0021078827102956853,-0.0029207920792079156,0.020981218932356188,0.002087709313363233,0.0,0.0,0.0,-0.00014851485148460012,0.0008130877294113207,8.090525296676605e-05
GLN  20,R GLN  20,0.0,0.0,0.0,-4.950495049505725e-05,0.00021691982475455514,2.158432929246158e-05,0.07178217821782207,0.03328354154577887,0.003311836165994925,-0.07124752475247523,0.033142478483236086,0.003297799866655426,0.0,0.0,0.0,0.000485148514851269,0.0007394654395965468,7.357956132735424e-05
ASN  21,R ASN  21,0.0,0.0,0.0,-2.9702970297039623e-05,0.00016976661583651458,1.6892409641342413e-05,-0.06152475247524723,0.018932184373091073,0.0018838227543138007,0.06180198019801973,0.018765367195442872,0.001867223824741218,0.0,0.0,0.0,0.0002475247524750224,0.0006356713235363303,6.325166076686551e-05
LEU  22,R LEU  22,0.0,0.0,0.0,-8.910891089112766e-05,0.0002849008825731561,2.834869736839393e-05,-0.0947623762376243,0.011340934806014806,0.001128465190373164,0.09574257425742569,0.011593488668723402,0.0011535952389657882,0.0,0.0,0.0,0.0008910891089101334,0.0010234961447891154,0.00010184167281017177
LEU  23,R LEU  23,0.0,0.0,0.0,-0.00011881188118810573,0.00032356702254190874,3.219612209547131e-05,-0.06670297029702965,0.011098608024804259,0.0011043527744243268,0.066950495049505,0.011061821093000026,0.0011006923378984337,0.0,0.0,0.0,0.00012871287128751467,0.0006988443974274985,6.95376165610251e-05
ARG  24,R ARG  24,0.0,0.0,0.0,-6.930693069304848e-05,0.0002539753532351843,2.5271492186572727e-05,-4.232960396039604,0.10642199958599537,0.010589384744457746,4.23029702970297,0.10617252395353054,0.010564560991222379,0.0,0.0,0.0,-0.002732673267326836,0.000702063283217692,6.985790766825321e-05
ALA  25,R ALA  25,0.0,0.0,0.0,-2.9702970297039623e-05,0.00016976661583651456,1.689240964134241e-05,-0.06054455445544563,0.0071289741426273905,0.0007093594399959625,0.06074257425742574,0.007091556079636084,0.0007056362035697655,0.0,0.0,0.0,0.00016831683168304424,0.0006304062328599956,6.272776466358742e-05
VAL  26,R VAL  26,0.0,0.0,0.0,-3.960396039603524e-05,0.00019502688716425783,1.940590058193237e-05,-0.08377227722772276,0.01158428535091706,0.001152679474616725,0.08423762376237617,0.011581094627423908,0.0011523619857627886,0.0,0.0,0.0,0.00042574257425738324,0.0005860850925524104,5.831764637173119e-05
SER  27,R SER  27,0.0,0.0,0.0,-4.9504950495039656e-05,0.00021691982475447808,2.1584329292453912e-05,-0.011950495049506155,0.012928881045993804,0.0012864717468564861,0.011574257425742581,0.012862830428284474,0.0012798994647507736,0.0,0.0,0.0,-0.00042574257425853087,0.0005860850925525967,5.831764637174973e-05
ASN  28,R ASN  28,0.0,0.0,0.0,0.0,0.0,0.0,-0.058386138613862285,0.014483155321268006,0.001441127817624937,0.058405940594059444,0.014549456944594544,0.001447725075723057,0.0,0.0,0.0,1.980198019600383e-05,0.0006597358910489097,6.564617473099907e-05
MET  29,R MET  29,0.0,0.0,0.0,-3.960396039603524e-05,0.00019502688716425783,1.940590058193237e-05,-0.053138613861386186,0.020720693106918483,0.0020617860248311657,0.053198019801980176,0.020748384072581918,0.0020645413788979603,0.0,0.0,0.0,1.9801980197940676e-05,0.000579863384726776,5.769856330441851e-05
LEU  30,R LEU  30,0.0,0.0,0.0,-1.9801980198044004e-05,0.0001393192799949256,1.3862786490822952e-05,-0.07387128712871271,0.006983237874695432,0.000694858139340492,0.0737920792079208,0.0069129192178512145,0.0006878611714679309,0.0,0.0,0.0,-9.900990099022001e-05,0.0004976171038868016,4.9514752485195533e-05
GLN  31,R GLN  31,0.0,0.0,0.0,0.0,0.0,0.0,0.04169306930693096,0.01652645198860973,0.0016444434350886513,-0.04153465346534654,0.016492160968010327,0.001641031351009985,0.0,0.0,0.0,0.00015841584158456307,0.0005581559678994679,5.553859459976235e-05
LYS  32,R LYS  32,0.0,0.0,0.0,-9.900990099013208e-06,9.900990099013207e-05,9.851853368419025e-06,-3.7473960396039603,0.08956208966468392,0.00891176100492822,3.745712871287129,0.08932212665169005,0.008887883792707845,0.0,0.0,0.0,-0.0016930693069303704,0.0005927378038449815,5.8979615886915014e-05
ALA  33,R ALA  33,0.0,0.0,0.0,-2.9702970297039623e-05,0.00016976661583651456,1.689240964134241e-05,-0.06714851485148483,0.005787295985521586,0.0005758574736346949,0.06701980198019801,0.005729859601238136,0.0005701423397913724,0.0,0.0,0.0,-0.00015841584158397416,0.0005925723963346575,5.896315722448376e-05
ARG  34,R ARG  34,0.0,0.0,0.0,-4.950495049504845e-05,0.00021691982475451662,2.1584329292457748e-05,-4.3869702970297055,0.16736398085614027,0.016653338525345222,4.383782178217822,0.1668772361935832,0.016604905621207172,0.0,0.0,0.0,-0.0032376237623756568,0.000810189011704105,8.061681977450607e-05
GLN  35,R GLN  35,0.0,0.0,0.0,-1.980198019803521e-05,0.00013931927999486375,1.3862786490816798e-05,-0.0031782178217824395,0.01910077290417089,0.0019005979401405296,0.003168316831683215,0.018951772720411902,0.0018857718677216982,0.0,0.0,0.0,-2.970297029822679e-05,0.0005532164374132272,5.504709294616379e-05
THR  36,R THR  36,0.0,0.0,0.0,-9.900990099013208e-06,9.900990099013207e-05,9.851853368419025e-06,-0.06762376237623803,0.010469050554271015,0.0010417094647688161,0.06765346534653466,0.010415559232705096,0.001036386879337659,0.0,0.0,0.0,1.980198019758672e-05,0.00050698483621721,5.044687669086442e-05
LEU  37,R LEU  37,0.0,0.0,0.0,-9.900990099004414e-06,9.900990099004413e-05,9.851853368410273e-06,0.021009900990098796,0.01022179291930962,0.0010171064105338207,-0.020920792079207908,0.010251957715303652,0.0010201079199187366,0.0,0.0,0.0,7.920792079187702e-05,0.0005011505241515894,4.986634094240609e-05
GLU  38,R GLU  38,0.0,0.0,0.0,0.0,0.0,0.0,3.4082574257425757,0.09370330821057134,0.00932382765152275,-3.40709900990099,0.09356149086712341,0.009309716298428004,0.0,0.0,0.0,0.001158415841584765,0.0005925723963349221,5.8963157224510095e-05
PHE  39,R PHE  39,0.0,0.0,0.0,-1.980198019800883e-05,0.00013931927999467813,1.3862786490798329e-05,0.0008613861386137533,0.017974145184356367,0.0017884942920668367,-0.0008415841584159028,0.017806291397481636,0.001771792216021043,0.0,0.0,0.0,-2.110522977505248e-16,0.0006293167755272598,6.26193596072655e-05
TYR  40,R TYR  40,0.0,0.0,0.0,-9.900990099004414e-06,9.900990099004413e-05,9.851853368410273e-06,0.016158415841583926,0.014394534629275807,0.0014323097291894988,-0.016227722772277468,0.014253629857729782,0.001418289180392865,0.0,0.0,0.0,-7.920792079245741e-05,0.0006702026930995559,6.668766046129498e-05
PRO  41,R PRO  41,0.0,0.0,0.0,-1.980198019802202e-05,0.0001393192799947709,1.386278649080756e-05,0.022059405940594357,0.01663458271858189,0.0016552028448613366,-0.022049504950495104,0.01673815599436082,0.0016655087709925279,0.0,0.0,0.0,-9.900990098749393e-06,0.0007105297076441678,7.070034838549778e-05
CYS  42,R CYS  42,0.0,0.0,0.0,-5.9405940594061654e-05,0.00023638289873888663,2.3520977537483416e-05,-0.08994059405940626,0.01826527397304628,0.0018174626892555616,0.08969306930693065,0.018176659265786654,0.0018086451963232717,0.0,0.0,0.0,-0.00030693069306965783,0.0006561600604267875,6.529036628550874e-05
THR  43,R THR  43,0.0,0.0,0.0,-3.9603960396037444e-05,0.00019502688716426867,1.940590058193345e-05,-0.032643564356435124,0.016004073836825478,0.0015924648662508025,0.032455445544554394,0.015955088422934846,0.0015875906353909016,0.0,0.0,0.0,-0.0002277227722766794,0.0005607842478616529,5.580011823062812e-05
SER  44,R SER  44,0.0,0.0,0.0,-5.940594059405726e-05,0.00023638289873886912,2.352097753748167e-05,-0.041544554455445526,0.031614173019273946,0.0031457277891910797,0.04136633663366334,0.03149845910808514,0.0031342138246853277,0.0,0.0,0.0,-0.00023762376237610591,0.0006157747249690461,6.127187521355285e-05
GLU  45,R GLU  45,0.0,0.0,0.0,-0.00013861386138612995,0.0003455431359725556,3.4382827111447993e-05,4.9436831683168325,0.18582552930220161,0.018490331254614672,-4.938277227722772,0.1849802836061999,0.018406226164376007,0.0,0.0,0.0,0.005267326732673021,0.0011247977957672022,0.00011192156382545861
GLU  46,R GLU  46,0.0,0.0,0.0,-0.00012871287128712772,0.00033488187178787397,3.332199167560679e-05,4.98259405940594,0.17817285956483905,0.017728862155307643,-4.9769801980198025,0.17735476446703272,0.017647458650563067,0.0,0.0,0.0,0.005485148514851435,0.0010494115407720028,0.00010442035109037092
ILE  47,R ILE  47,0.0,0.0,0.0,-0.00015841584158415636,0.00036513047355614923,3.633184004673535e-05,0.06893069306930676,0.04195973020558624,0.004175149204573575,-0.0684257425742574,0.0415914467917475,0.0041385036352428696,0.0,0.0,0.0,0.00034653465346521603,0.0008257686915634378,8.216705586166623e-05
ASP  48,R ASP  48,0.0,0.0,0.0,-0.00015841584158418493,0.0003651304735562151,3.63318400467419e-05,4.946702970297027,0.1739281486197429,0.017306497630101437,-4.941693069306928,0.17305895192996404,0.0172200093269077,0.0,0.0,0.0,0.004851485148513042,0.0010472608175978353,0.0001042063461359566
HIE  49,R HIE  49,0.0,0.0,0.0,-0.00047524752475248445,0.0004993869391254947,4.9690857673499916e-05,-0.21407920792079152,0.04199874660277757,0.004179031481196912,0.2161683168316833,0.04177570218687564,0.004156837732307804,0.0,0.0,0.0,0.001613861386138845,0.0014621989207202336,0.000145494230560154
GLU  50,R GLU  50,0.0,0.0,0.0,-0.00012871287128712332,0.0003348818717878625,3.3321991675605655e-05,5.5843663366336616,0.24398063235794926,0.02427698028871102,-5.5752475247524735,0.2422410797360776,0.02410388833340206,0.0,0.0,0.0,0.00899009900990248,0.0018905447352895038,0.00018811623213687556
ASP  51,R ASP  51,0.0,0.0,0.0,-0.0006039603960395814,0.0005089147435998529,5.0638909652803466e-05,6.895673267326733,0.31436313456652754,0.03128030101246823,-6.877425742574258,0.3119480582091691,0.031039991933191378,0.0,0.0,0.0,0.017643564356434764,0.0026609912484020066,0.0002647785254983304
ILE  52,R ILE  52,0.0,0.0,0.0,-0.00025742574257428183,0.0004372158844717171,4.350460651999126e-05,0.053900990099010206,0.025162641234003014,0.0025037763831744376,-0.05178217821782176,0.02461489686613809,0.0024492737814990713,0.0,0.0,0.0,0.001861386138614074,0.0013572664941138228,0.0001350530638669181
THR  53,R THR  53,0.0,0.0,0.0,-0.0009108910891088897,0.0005468000503558036,5.4408638571271935e-05,0.021306930693069177,0.042672536806592845,0.004246076112316449,-0.019069306930693065,0.04174611084648228,0.004153893283887849,0.0,0.0,0.0,0.0013267326732671894,0.0016834012651857336,0.00016750468649063532
LYS  54,R LYS  54,0.0,0.0,0.0,-0.0017722772277227814,0.0007430361599720161,7.393486128429749e-05,-6.5145544554455475,0.35834997206657393,0.03565715493169518,6.5160891089108945,0.3590088418064349,0.03572271492116175,0.0,0.0,0.0,-0.00023762376237619387,0.0015679242432932912,0.00015601429335086798
ASP  55,R ASP  55,0.0,0.0,0.0,-0.0009009900990099172,0.0005359353902069249,5.332756448055927e-05,6.584633663366331,0.4242963358892339,0.042219063387961706,-6.566079207920789,0.420203950555869,0.041811855827624915,0.0,0.0,0.0,0.017653465346534877,0.004156435171864396,0.0004135807574701922
LYS  56,R LYS  56,0.0,0.0,0.0,-0.0008118811881188214,0.0005397628978391541,5.370841572454733e-05,-5.748653465346537,0.324263687944906,0.0322654428939828,5.748346534653463,0.32545631136428166,0.03238411335960222,0.0,0.0,0.0,-0.001118811881186294,0.002502620918089009,0.0002490200886496031
THR  57,R THR  57,0.0,0.0,0.0,-0.0013762376237623785,0.0009103528327897886,9.058349248388554e-05,0.07782178217821697,0.04985392444895838,0.004960650890463263,-0.06836633663366336,0.05083943327466052,0.005058712683748644,0.0,0.0,0.0,0.008079207920790872,0.0031800216959108492,0.0003164239853105936
SER  58,R SER  58,0.0,0.0,0.0,-0.0051188118811881025,0.005452380947284766,0.0005425321817740712,0.18637623762376207,0.09199309611258423,0.009153655187458328,-0.18982178217821782,0.09191250639857146,0.00914563621119922,0.0,0.0,0.0,-0.008564356435643765,0.01569853107940936,0.0015620622255679676
THR  59,R THR  59,0.0,0.0,0.0,-0.004841584158415801,0.003967024156563568,0.0003947336570242165,0.3483168316831692,0.07132882031677976,0.007097482894900172,-0.3575940594059408,0.08100814996498053,0.008060612192526366,0.0,0.0,0.0,-0.014118811881187293,0.016324850235822346,0.0016243833109251546
VAL  60,R VAL  60,0.0,0.0,0.0,-0.014435643564356481,0.010017228566334179,0.00099675149663364,0.2974356435643567,0.06697293909573093,0.006664056513792084,-0.2864752475247525,0.06430167052930678,0.006398255356928989,-8.240792079207896e-05,0.0008240792079207895,8.199894595599758e-05,-0.0035576554455442944,0.019722453083582742,0.001962457430033651
GLU  61,R GLU  61,0.0,0.0,0.0,-0.12756435643564354,0.19570625674095374,0.019473500381403337,13.003811881188124,1.1430245071813447,0.11373518939668828,-12.551425742574256,0.9946233910533083,0.09896872643508152,-0.04147121584158417,0.052620640139466886,0.005235949391142611,0.28335056633663375,0.25128314275166164,0.0250036072310749
ALA  62,R ALA  62,0.0,0.0,0.0,-0.0474158415841584,0.11423211278195104,0.011366520053430315,0.20971287128712895,0.12673730034869957,0.01261083272337695,-0.17046534653465342,0.11485561873749575,0.011428561214838756,-0.004670661386138614,0.01599815673465936,0.0015918760925794466,-0.012838978217822147,0.07713074171295917,0.00767479565128753
CYS  63,R CYS  63,0.0,0.0,0.0,-0.016158415841584152,0.02491599060020393,0.002479233727812542,-0.19095049504950554,0.08718710689468838,0.00867544138670287,0.20192079207920793,0.0919193235556973,0.009146314543686392,0.0,0.0,0.0,-0.005188118811882102,0.025781531831718076,0.002565358299314215
LEU  64,R LEU  64,0.0,0.0,0.0,-0.4852970297029703,0.37668711034502933,0.03748176838660381,-0.2295148514851485,0.14337091781970018,0.014265939522514174,0.26874257425742565,0.13406040115459045,0.013339508488328766,-0.1589216792079208,0.04642817395479065,0.004619775975855549,-0.6049909861386139,0.37690412698481796,0.03750336234935222
PRO  65,R PRO  65,0.0,0.0,0.0,-0.04670297029702978,0.03346656216668425,0.003330047398432542,1.0677425742574256,0.19164218171163347,0.019069109801605595,-1.0146237623762377,0.1789827610198263,0.017809450362119394,0.0,0.0,0.0,0.006415841584158433,0.039418613316260905,0.003922298623618631
LEU  66,R LEU  66,0.0,0.0,0.0,-0.0395742574257426,0.027638166513192605,0.002750100354984298,1.1345346534653462,0.23430886632549808,0.023314603598981156,-1.1429504950495055,0.24414284798561117,0.024293121346946705,0.0,0.0,0.0,-0.04799009900990143,0.04192225124555211,0.004171419908665139
GLU  67,R GLU  67,0.0,0.0,0.0,-0.035138613861386066,0.016523029055464624,0.0016441028405107532,12.53062376237624,1.7601938959996872,0.17514583885003027,-12.425851485148522,1.7469153996650078,0.17382457908172297,0.0,0.0,0.0,0.06963366336633602,0.02495727944850483,0.0024833421217725755
LEU  68,R LEU  68,0.0,0.0,0.0,-0.5345049504950495,0.3396286738691337,0.03379431613614876,1.6411782178217829,0.8302171300869993,0.08260969203859687,-1.1693069306930692,0.7556947854549784,0.07519444159754622,-0.10457600792079208,0.05961208476575486,0.005931624132787641,-0.16720967128712796,0.3138350350513308,0.031227753146692967
THR  69,R THR  69,0.0,0.0,0.0,-0.8022277227722774,0.5171311356983592,0.0514564712235396,-2.6639009900990103,1.7883442173423965,0.17794690051526604,2.0429405940594054,0.9459582372229471,0.09412636264223156,-0.07660586138613859,0.0393549262562723,0.003915961524296252,-1.4997939801980202,1.5369605987905468,0.15293329556840082
LYS  70,R LYS  70,0.0,0.0,0.0,0.5382277227722768,1.5144087489952738,0.1506893026429682,-55.45772277227722,11.470337863176612,1.1413412758134507,51.00461386138616,9.257957553305998,0.9212012070924946,-0.3305785900990098,0.06358650679598575,0.006327093905754604,-4.245459778217822,2.2948910580517596,0.22835019502418522
ASN  71,R ASN  71,0.0,0.0,0.0,-0.6497029702970298,0.8294691436625036,0.08253526460758234,-5.7746435643564356,5.237860676556132,0.5211866170311806,3.939316831683167,3.756309569615637,0.3737667719709237,-0.1567421465346535,0.052877567589589294,0.005261514627948372,-2.641771849504951,1.4810946478396507,0.14737442568214196
GLU  72,R GLU  72,0.0,0.0,0.0,-0.2584653465346535,0.14805073818243902,0.014731599052956889,17.31914851485148,2.5446948595928793,0.25320660230311015,-16.982297029702963,2.35951069161657,0.23478008888565802,-0.005435073267326737,0.012117022622486094,0.0012056888143989438,0.07295106534653431,0.17405215307713715,0.017318836534787347
SER  73,R SER  73,0.0,0.0,0.0,-0.7410891089108911,0.4532976881033044,0.0451048057898996,-1.53,2.0624500425992918,0.20522144953364718,2.346712871287129,2.0831294495771777,0.20727912743509563,-0.22336039603960406,0.13321313404106933,0.013255202259529229,-0.14773663366336656,0.4397203894832423,0.04375381408294475
CYS  74,R CYS  74,0.0,0.0,0.0,-0.33858415841584155,0.4290043335036207,0.04268752665973519,-0.8034158415841588,0.6837893293096616,0.06803958129318587,0.9448712871287127,0.7434062714445558,0.07397168875226753,-0.09213226930693062,0.11678801389909582,0.011620841720036147,-0.2892609821782188,0.45084815431277464,0.044861068067874287
LEU  75,R LEU  75,0.0,0.0,0.0,-0.03267326732673267,0.021954998488533464,0.0021846040007094895,-0.5841584158415835,0.10990110159659015,0.010935568333365363,0.6233762376237623,0.11183189749233338,0.011127689705662294,0.0,0.0,0.0,0.006544554455445998,0.03158942195192755,0.003143264965940374
ASN  76,R ASN  76,0.0,0.0,0.0,-0.02444554455445547,0.03275395078506096,0.0032591399157443322,-0.15710891089108892,0.21901168199730567,0.02179247686777627,0.17978217821782172,0.22133656124949283,0.02202381099964365,-0.0011517148514851479,0.004297238283228974,0.00042759119070069564,-0.002923992079209173,0.028177984736097984,0.00280381427575869
SER  77,R SER  77,0.0,0.0,0.0,-0.003079207920792105,0.002390919986639338,0.00023790543055225117,-0.10852475247524751,0.1619057661421818,0.016110225862091217,0.1194554455445545,0.15722151395576894,0.015644125348710892,0.0,0.0,0.0,0.007851485148515107,0.005066656949686388,0.0005041512094973858
ARG  78,R ARG  78,0.0,0.0,0.0,-0.031465346534653514,0.0325608537230974,0.0032399260399469305,-13.535108910891092,1.0413904442836703,0.10362222215915556,13.579683168316826,1.0803645234726322,0.10750028798387619,-0.005634106930693069,0.014487852087625765,0.0014415951633449068,0.007474803960396721,0.034034698311125836,0.0033865790577147317
GLU  79,R GLU  79,0.0,0.0,0.0,-0.0009207920792079392,0.0005011505241522529,4.9866340942472103e-05,7.826712871287127,0.5736357442332871,0.0570788899145906,-7.800049504950496,0.5677894494752189,0.056497161843669846,0.0,0.0,0.0,0.025742574257425616,0.00593805226150025,0.000590858283760328
THR  80,R THR  80,0.0,0.0,0.0,-0.0007029702970297487,0.0006378266696398921,6.346612571994733e-05,-0.23938613861386143,0.05658306262636241,0.0056302251649211505,0.24447524752475241,0.05719942429596888,0.005691555443308986,0.0,0.0,0.0,0.004386138613861646,0.0031148647032261897,0.000309940622218246
SER  81,R SER  81,0.0,0.0,0.0,-0.0004752475247524581,0.0005556916911050129,5.529338989401693e-05,-0.04186138613861388,0.059980859934437816,0.005968318633554192,0.04271287128712859,0.0592481501793643,0.005895411287961412,0.0,0.0,0.0,0.00037623762376271295,0.0025245389154483016,0.00025120101090034513
PHE  82,R PHE  82,0.0,0.0,0.0,-0.00025742574257424665,0.00043721588447165734,4.3504606519985313e-05,0.027752475247524302,0.037496773706914725,0.0037310684351268227,-0.027267326732673205,0.037198661502883645,0.0037014051621401837,0.0,0.0,0.0,0.0002277227722769432,0.0007819902017411746,7.78109333112281e-05
ILE  83,R ILE  83,0.0,0.0,0.0,-0.00010891089108911451,0.00031152738064461546,3.0998132951009594e-05,-0.024603960396039317,0.03338733951306644,0.0033221644497668577,0.024544554455445497,0.03328322050787373,0.0033118042215294166,0.0,0.0,0.0,-0.0001683168316826793,0.0006144998276899508,6.114501819291312e-05
THR  84,R THR  84,0.0,0.0,0.0,-8.910891089108369e-05,0.0002849008825730155,2.8348697368379945e-05,0.032188118811881446,0.028552093391820094,0.0028410394783209866,-0.032019801980198,0.028355236021972704,0.002821451437904479,0.0,0.0,0.0,7.920792079266846e-05,0.0006243121889283465,6.212138462851098e-05
ASN  85,R ASN  85,0.0,0.0,0.0,-7.920792079207928e-05,0.0002700630039007103,2.687227325810321e-05,0.0059009900990093745,0.05782929898245287,0.005754230317131329,-0.005881188118811735,0.05774822223121335,0.005746162878856856,0.0,0.0,0.0,-5.9405940594061654e-05,0.000642115658103294,6.389289602289397e-05
GLY  86,R GLY  86,0.0,0.0,0.0,-9.90099009900881e-06,9.90099009900881e-05,9.851853368414649e-06,-0.01032673267326753,0.014673414304257157,0.0014600592940095104,0.010297029702970266,0.014527232572890134,0.001445513668085563,0.0,0.0,0.0,-3.9603960396272675e-05,0.0006121022382598607,6.090644912793371e-05
SER  87,R SER  87,0.0,0.0,0.0,-2.9702970297022035e-05,0.00016976661583641405,1.6892409641332408e-05,-0.054247524752474886,0.05822309533601543,0.005793414518847712,0.05414851485148513,0.058010819431048015,0.0057722922768449056,0.0,0.0,0.0,-0.0001287128712868969,0.0006239980695670434,6.209012858384482e-05
CYS  88,R CYS  88,0.0,0.0,0.0,-0.00015841584158416295,0.00036513047355616447,3.6331840046736865e-05,0.060633663366337714,0.032603141066035776,0.003244133787836815,-0.060108910891089204,0.03261989339879106,0.003245800707248243,0.0,0.0,0.0,0.00036633663366420096,0.0008527506138673712,8.485185747724324e-05
LEU  89,R LEU  89,0.0,0.0,0.0,-7.920792079207928e-05,0.0002700630039007103,2.687227325810321e-05,-0.05449504950495061,0.06589109282829014,0.0065564087867727395,0.05464356435643569,0.0658572690317862,0.006553043193229187,0.0,0.0,0.0,6.930693069308365e-05,0.0007072107496405001,7.037009972085833e-05
ALA  90,R ALA  90,0.0,0.0,0.0,-9.90099009900837e-05,0.0002986753094850698,2.971930407351228e-05,0.09194059405940638,0.03098221201001005,0.003082845318493058,-0.09150495049504952,0.030962648773271168,0.003080898703681451,0.0,0.0,0.0,0.0003366336633668712,0.0007869885920486624,7.830829173594165e-05
SER  91,R SER  91,0.0,0.0,0.0,-7.920792079207928e-05,0.00027006300390071023,2.6872273258103204e-05,0.010396039603960367,0.06998430930338423,0.0069636990488026245,-0.009584158415841478,0.06939416292494724,0.00690497728938137,0.0,0.0,0.0,0.0007326732673266959,0.001061393527386925,0.00010561260331981551
ARG  92,R ARG  92,0.0,0.0,0.0,-0.0002970297029702907,0.0004569497330381815,4.5468197842951676e-05,-6.220732673267326,0.4767689498139777,0.04744028362022677,6.213455445544554,0.47560611718937446,0.0473245774494798,0.0,0.0,0.0,-0.007574257425740751,0.0020698042890838317,0.000205953224409456
LYS  93,R LYS  93,0.0,0.0,0.0,-0.0014059405940593775,0.0010640685772378819,0.00010587878072855229,-8.873425742574259,0.8577098490048078,0.08534531981691781,8.86316831683168,0.8615231741458264,0.08572475985028542,0.0,0.0,0.0,-0.011663366336633408,0.006759338575238503,0.0006725793263583312
THR  94,R THR  94,0.0,0.0,0.0,-0.00042574257425738324,0.0004944550886804963,4.9200120212567206e-05,0.07680198019801993,0.0645480893416915,0.006422774945198006,-0.07464356435643553,0.0638335682754812,0.006351677441791232,0.0,0.0,0.0,0.00173267326732681,0.0018449346716760396,0.00018357786118255152
SER  95,R SER  95,0.0,0.0,0.0,-0.00028712871287129947,0.0004524221647048061,4.501768795565912e-05,-0.07029702970297003,0.06778395273664028,0.0067447553872393255,0.07176237623762388,0.06768712946597451,0.006735121111720304,0.0,0.0,0.0,0.001178217821782343,0.001111559778272684,0.000110604331852289
PHE  96,R PHE  96,0.0,0.0,0.0,-0.0014950495049504931,0.0009912864166957407,9.863668507622583e-05,0.03377227722772349,0.0765966523566145,0.007621651774041704,-0.024346534653465344,0.07773710910212533,0.0077351314616026165,0.0,0.0,0.0,0.007930693069305939,0.003380952545321456,0.00033641735209299727
MET  97,R MET  97,0.0,0.0,0.0,-0.0036435643564356997,0.0028995874012251316,0.00028851973004833395,0.29606930693069383,0.19625267898408555,0.019527871426750748,-0.27947524752475245,0.19510756586714448,0.019413928412915383,0.0,0.0,0.0,0.012950495049504518,0.005877253075656715,0.0005848085386554474
MET  98,R MET  98,0.0,0.0,0.0,-0.0030594059405940435,0.001681711658560772,0.00016733656434776912,-0.01540594059405952,0.11130354341435252,0.011075116509943287,0.02020792079207922,0.11228246883885383,0.011172523230325379,0.0,0.0,0.0,0.0017425742574248065,0.0037828520471743505,0.00037640784720004714
ALA  99,R ALA  99,0.0,0.0,0.0,-0.0007029702970297212,0.0005366665438759561,5.340031698980372e-05,-0.15884158415841662,0.03802337287273715,0.0037834670105595103,0.16241584158415845,0.039116800808346286,0.003892267156634072,0.0,0.0,0.0,0.002871287128711715,0.0021139019635778925,0.0002103411070217925
LEU 100,R LEU 100,0.0,0.0,0.0,-0.004841584158415884,0.003751521600914081,0.00037329035127856274,-0.3074851485148515,0.0508249984997804,0.00505727636996484,0.308920792079208,0.04855142892704283,0.0048310477420244686,0.0,0.0,0.0,-0.0034059405940591717,0.009775882850231583,0.0009727367003116455
CYS 101,R CYS 101,0.0,0.0,0.0,-0.003128712871287206,0.0018166630617518676,0.00018076473085238543,-0.04319801980198062,0.05851292821553115,0.005822253968254091,0.04789108910891089,0.058436713841183915,0.005814670354563682,0.0,0.0,0.0,0.0015643564356429634,0.0032530742248766007,0.00032369298362657515
LEU 102,R LEU 102,0.0,0.0,0.0,-0.0006732673267325903,0.0005647905226515615,5.61987574716441e-05,-0.05214851485148539,0.029648564034022468,0.0029501423850174656,0.05568316831683169,0.030918907251151897,0.0030765462595549443,0.0,0.0,0.0,0.0028613861386132602,0.002469736439099817,0.0002457479606921106
SER 103,R SER 103,0.0,0.0,0.0,-0.000465346534653502,0.0004987976917944948,4.963222537264223e-05,-0.26096039603960464,0.08389218927662563,0.008347584829837815,0.2646336633663367,0.08543142960180092,0.008500744966659849,0.0,0.0,0.0,0.003207920792078292,0.0032709850506599256,0.00032547517740275317
SER 104,R SER 104,0.0,0.0,0.0,-0.0011980198019801496,0.0007178047113026932,7.142423830541243e-05,-0.18021782178217877,0.05675701273204292,0.005647533847360457,0.18006930693069303,0.057498731355052145,0.005721337608817009,0.0,0.0,0.0,-0.0013465346534655544,0.0036922065193409283,0.0003673882800680001
ILE 105,R ILE 105,0.0,0.0,0.0,-0.000970297029702925,0.0005708330814019637,5.6800014539711996e-05,-0.11801980198019853,0.02672484667240843,0.0026592216341706065,0.12087128712871287,0.02765439587506067,0.0027517152368475087,0.0,0.0,0.0,0.0018811881188110814,0.0023809771216299082,0.00023691607850608915
TYR 106,R TYR 106,0.0,0.0,0.0,-0.0002970297029703435,0.00045694973303826253,4.546819784295974e-05,-0.10244554455445483,0.020773876992451222,0.0020670780192336606,0.10200000000000004,0.020971456320389784,0.0020867378971652167,0.0,0.0,0.0,-0.0007425742574251376,0.0009508044051030147,9.46085743692984e-05
GLU 107,R GLU 107,0.0,0.0,0.0,-0.0003861386138613832,0.00048686300408491695,4.8444679560185026e-05,5.91930693069307,0.2511978724831614,0.024995122522237206,-5.907881188118812,0.24919177422057445,0.024795508284388243,0.0,0.0,0.0,0.011039603960395848,0.002251163800574228,0.00022399917028258202
ASP 108,R ASP 108,0.0,0.0,0.0,-0.0005148514851484614,0.0005560443992909903,5.5328485670250825e-05,6.792207920792079,0.3541881336192033,0.035243036528217225,-6.785445544554457,0.35578276482633375,0.03540170826379365,0.0,0.0,0.0,0.006247524752474476,0.004381341945054924,0.000435959817835662
LEU 109,R LEU 109,0.0,0.0,0.0,-0.0001881188118811718,0.000390807016950274,3.8886751606054826e-05,-0.07842574257425734,0.013427728466694907,0.0013361089204402786,0.07913861386138614,0.013521548407854245,0.001345444353503964,0.0,0.0,0.0,0.0005247524752476121,0.0009183935544792229,9.138357419559706e-05
LYS 110,R LYS 110,0.0,0.0,0.0,-0.00016831683168317177,0.0003741473985681499,3.722905761956288e-05,-5.429217821782183,0.29994252267736665,0.029845396498938286,5.423871287128712,0.2997976103897107,0.02983097718738468,0.0,0.0,0.0,-0.0055148514851499604,0.0008856821657545128,8.812866936314683e-05
MET 111,R MET 111,0.0,0.0,0.0,-0.00024752475247521587,0.0004315741528257541,4.294323323949948e-05,-0.1187821782178215,0.019949244488235176,0.0019850240182385645,0.11956435643564364,0.0200105990932543,0.001991129029617032,0.0,0.0,0.0,0.0005346534653470858,0.0010676554904338086,0.0001062356919313525
TYR 112,R TYR 112,0.0,0.0,0.0,-0.00020792079207928614,0.00040581983231538434,4.03805825678589e-05,-0.17049504950495104,0.014390332124761027,0.0014318915643610755,0.16827722772277223,0.013897872771112445,0.0013828900272063642,0.0,0.0,0.0,-0.002425742574257471,0.0010468863277533127,0.00010416908300369101
GLN 113,R GLN 113,0.0,0.0,0.0,-4.950495049508363e-05,0.00021691982475467074,2.1584329292473082e-05,-0.06646534653465214,0.05152516723450117,0.005126945763011785,0.06663366336633658,0.05143595898472942,0.005118069210392141,0.0,0.0,0.0,0.00011881188118953033,0.0005850806614949792,5.821770174601659e-05
VAL 114,R VAL 114,0.0,0.0,0.0,-3.9603960396026446e-05,0.00019502688716421454,1.9405900581928064e-05,-0.09608910891089101,0.010355176645734678,0.0010303785873699936,0.095910891089109,0.010356132740775386,0.0010304737223822814,0.0,0.0,0.0,-0.0002178217821782554,0.0005734032568550553,5.70557565558311e-05
GLU 115,R GLU 115,0.0,0.0,0.0,-2.9702970297022035e-05,0.00016976661583641405,1.6892409641332408e-05,4.7913366336633665,0.19219314116128913,0.019123932315876096,-4.786722772277228,0.1915980279984471,0.019064716342934964,0.0,0.0,0.0,0.004584158415841172,0.0007481637816760384,7.44450787135805e-05
PHE 116,R PHE 116,0.0,0.0,0.0,-9.900990099006172e-05,0.00029867530948500347,2.9719304073505678e-05,-0.07518811881188127,0.007535674720343766,0.0007498276600067307,0.07472277227722773,0.007363434965604947,0.0007326891638469535,0.0,0.0,0.0,-0.0005643564356433412,0.0006358255191286403,6.3267003801757e-05
LYS 117,R LYS 117,0.0,0.0,0.0,-1.980198019801762e-05,0.00013931927999473998,1.3862786490804483e-05,-4.187613861386138,0.14331112524762415,0.014259989939222778,4.185019801980198,0.14297164298204484,0.014226210191255962,0.0,0.0,0.0,-0.0026138613861382207,0.0007442225929887745,7.405291578183425e-05
THR 118,R THR 118,0.0,0.0,0.0,-1.9801980198026416e-05,0.00013931927999480184,1.3862786490810638e-05,-0.08738613861386069,0.013328277314747658,0.001326213160960605,0.08733663366336633,0.01325924092306556,0.0013193437832404458,0.0,0.0,0.0,-6.93069306924505e-05,0.0005496610250206143,5.4693316190445455e-05
MET 119,R MET 119,0.0,0.0,0.0,-4.950495049505725e-05,0.00021691982475455514,2.158432929246158e-05,-0.07162376237623751,0.021555753859663025,0.0021448776753377227,0.0715049504950495,0.021471889872587333,0.002136532896731762,0.0,0.0,0.0,-0.0001683168316831297,0.0006758830956781701,6.725288164340356e-05
ASN 120,R ASN 120,0.0,0.0,0.0,0.0,0.0,0.0,-0.06606930693069295,0.020708852761271053,0.0020606078664047525,0.06579207920792078,0.02065861929370973,0.0020556094495630802,0.0,0.0,0.0,-0.0002772277227713497,0.0005287536603083001,5.26129556466418e-05
ALA 121,R ALA 121,0.0,0.0,0.0,0.0,0.0,0.0,-0.05666336633663365,0.003802753634201689,0.00037838812912368734,0.05662376237623759,0.0038353527085502694,0.00038163185825801317,0.0,0.0,0.0,-3.960396039604623e-05,0.0006121022382599508,6.090644912794268e-05
LYS 122,R LYS 122,0.0,0.0,0.0,-2.9702970297035225e-05,0.00016976661583648946,1.6892409641339913e-05,-3.7240792079207914,0.1145210156828989,0.011395266966510583,3.722455445544554,0.11426463333307524,0.011369755969211786,0.0,0.0,0.0,-0.0016534653465343,0.000681228412347115,6.778476053130852e-05
LEU 123,R LEU 123,0.0,0.0,0.0,0.0,0.0,0.0,-0.049217821782177554,0.007373492744648079,0.0007336899502668366,0.04910891089108909,0.007346988323640213,0.0007310526618060556,0.0,0.0,0.0,-0.00010891089108859127,0.000611781849733508,6.087456927802996e-05
LEU 124,R LEU 124,0.0,0.0,0.0,-9.900990099013208e-06,9.900990099013207e-05,9.851853368419025e-06,-0.034326732673267454,0.007931774564397115,0.0007892410675936766,0.03425742574257425,0.007919962827878753,0.0007880657558820034,0.0,0.0,0.0,-7.920792079212324e-05,0.0005392177744241675,5.365417391743074e-05
MET 125,R MET 125,0.0,0.0,0.0,0.0,0.0,0.0,-0.04310891089108938,0.016177787601682005,0.001609750031899166,0.04305940594059406,0.016095520428520287,0.0016015641422162307,0.0,0.0,0.0,-4.950495049534085e-05,0.0006352085121730695,6.320560931501588e-05
ASP 126,R ASP 126,0.0,0.0,0.0,-9.900990099009773e-06,9.900990099009773e-05,9.851853368415608e-06,3.2666237623762364,0.07947536532020512,0.007908094419912932,-3.2656732673267324,0.07944499422336888,0.00790507238282698,0.0,0.0,0.0,0.0009405940594055072,0.0005940594059403326,5.9111120210468394e-05
PRO 127,R PRO 127,0.0,0.0,0.0,0.0,0.0,0.0,0.004029702970297136,0.008563629569109691,0.0008521129904446087,-0.004039603960396018,0.008524769724341774,0.0008482462913696222,0.0,0.0,0.0,-9.900990098934063e-06,0.0005539247814137844,5.511757580856545e-05
LYS 128,R LYS 128,0.0,0.0,0.0,-9.90099009900881e-06,9.90099009900881e-05,9.851853368414649e-06,-2.915990099009899,0.1027417694470735,0.010223188158781853,2.9153762376237617,0.1026475129294563,0.010213809284736973,0.0,0.0,0.0,-0.0006237623762382102,0.0005237240061552733,5.211248635302622e-05
ARG 129,R ARG 129,0.0,0.0,0.0,0.0,0.0,0.0,-3.3173465346534634,0.1071411981890858,0.010660947680179951,3.3164455445544565,0.10700009024214659,0.010646906914676083,0.0,0.0,0.0,-0.0009009900990077308,0.0005887551979134162,5.858333178532917e-05
GLN 130,R GLN 130,0.0,0.0,0.0,-9.90099009900881e-06,9.90099009900881e-05,9.851853368414649e-06,0.051584158415841665,0.016630085659556988,0.001654755370763702,-0.051584158415841616,0.016602676228701978,0.0016520280304573795,0.0,0.0,0.0,-9.90099009849437e-06,0.0005169416824646103,5.143761992220102e-05
ILE 131,R ILE 131,0.0,0.0,0.0,-1.980198019800883e-05,0.00013931927999467813,1.3862786490798329e-05,-0.0401386138613863,0.008945411681851947,0.0008901017305181575,0.04004950495049504,0.008982244573418677,0.0008937667402113443,0.0,0.0,0.0,-0.00010891089108930797,0.0005953780743904665,5.924233262541237e-05
PHE 132,R PHE 132,0.0,0.0,0.0,-1.980198019803521e-05,0.00013931927999486375,1.3862786490816798e-05,0.0183267326732676,0.012240258936376371,0.0012179512859494654,-0.01822772277227724,0.012186570427098408,0.0012126090796076147,0.0,0.0,0.0,7.92079207924882e-05,0.0005747693177705814,5.719168469733517e-05
LEU 133,R LEU 133,0.0,0.0,0.0,0.0,0.0,0.0,-0.05861386138613933,0.009498275296313596,0.0009451137162684832,0.05863366336633663,0.009477145800310272,0.0009430112528351132,0.0,0.0,0.0,1.9801980197094267e-05,0.0005446444570085157,5.419414901651987e-05
ASP 134,R ASP 134,0.0,0.0,0.0,0.0,0.0,0.0,3.906227722772277,0.07562726225241378,0.007525193853491579,-3.904336633663366,0.07547805099975122,0.0075103467789318715,0.0,0.0,0.0,0.0018910891089093682,0.0005953780743912082,5.924233262548617e-05
GLN 135,R GLN 135,0.0,0.0,0.0,-9.90099009900881e-06,9.90099009900881e-05,9.851853368414649e-06,0.04510891089109014,0.028995698209483264,0.0028851798074541043,-0.04500990099009895,0.028914861384780718,0.002877136242762352,0.0,0.0,0.0,8.910891089179599e-05,0.0006615165579600395,6.582335771099412e-05
ASN 136,R ASN 136,0.0,0.0,0.0,-1.9801980198026416e-05,0.00013931927999480184,1.3862786490810638e-05,0.00720792079207859,0.026091733386697437,0.0025962245076807584,-0.0070495049504952665,0.026054161499424567,0.00259248596516647,0.0,0.0,0.0,0.00013861386138539346,0.0005975147037460542,5.945493519246279e-05
MET 137,R MET 137,0.0,0.0,0.0,-4.9504950495039656e-05,0.0002169198247544781,2.1584329292453916e-05,0.0650594059405939,0.014833613008791945,0.0014759996608930681,-0.06490099009900988,0.014763820476397847,0.0014690550443599618,0.0,0.0,0.0,0.00010891089108905569,0.0006277571280856438,6.246416888646313e-05
LEU 138,R LEU 138,0.0,0.0,0.0,-9.900990099013208e-06,9.900990099013207e-05,9.851853368419025e-06,0.07624752475247476,0.010496020877893787,0.0010443931122724817,-0.07589108910891086,0.010432148511990176,0.0010380375743224025,0.0,0.0,0.0,0.00034653465346473237,0.0005528619250803536,5.5011817650604056e-05
ALA 139,R ALA 139,0.0,0.0,0.0,-1.980198019801762e-05,0.00013931927999473998,1.3862786490804483e-05,0.03807920792079169,0.00947919364945648,0.0009432150214411549,-0.03791089108910888,0.009501536102908374,0.000945438178651672,0.0,0.0,0.0,0.00014851485148468808,0.0005696296975697839,5.668027337300037e-05
VAL 140,R VAL 140,0.0,0.0,0.0,-8.910891089106611e-05,0.00028490088257295925,2.8348697368374344e-05,0.032227722772277465,0.010679749680122929,0.001062674811385555,-0.03150495049504951,0.010578910238263316,0.0010526409118965217,0.0,0.0,0.0,0.0006336633663367222,0.0006405871730545143,6.37408060760724e-05
ILE 141,R ILE 141,0.0,0.0,0.0,-1.980198019800883e-05,0.00013931927999467813,1.3862786490798329e-05,0.05041584158415861,0.008038604044534658,0.0007998709981684422,-0.05004950495049501,0.008041201128967577,0.0008001294177281291,0.0,0.0,0.0,0.00034653465346578323,0.000666535947710726,6.63228056584033e-05
ASP 142,R ASP 142,0.0,0.0,0.0,-9.900990099013208e-06,9.900990099013207e-05,9.851853368419025e-06,4.257633663366335,0.1519504689212484,0.015119636764648928,-4.2549405940594065,0.15160121095820542,0.015084884298428454,0.0,0.0,0.0,0.002683168316830847,0.0006589925264261899,6.55722071864498e-05
GLU 143,R GLU 143,0.0,0.0,0.0,-2.9702970297030827e-05,0.0001697666158364643,1.689240964133741e-05,4.280346534653466,0.14585252524951378,0.01451286869093077,-4.277217821782176,0.14535266801211627,0.014463131036830154,0.0,0.0,0.0,0.003099009900991389,0.0007772119567024879,7.733548015948513e-05
LEU 144,R LEU 144,0.0,0.0,0.0,-0.00012871287128708375,0.00033488187178775953,3.332199167559541e-05,0.02044554455445514,0.014007406278253457,0.001393789018524308,-0.019009900990099006,0.013713110767469587,0.0013645055207101287,0.0,0.0,0.0,0.001306930693069075,0.000951731868569445,9.470086043346433e-05
MET 145,R MET 145,0.0,0.0,0.0,-4.950495049505725e-05,0.00021691982475455517,2.1584329292461583e-05,0.07648514851485129,0.03689283755150478,0.003670974541612289,-0.07636633663366338,0.03693497705622818,0.0036751675790499708,0.0,0.0,0.0,6.930693069282053e-05,0.0006175234110689788,6.144587598389648e-05
GLN 146,R GLN 146,0.0,0.0,0.0,-3.960396039604404e-05,0.00019502688716430111,1.940590058193668e-05,0.05977227722772241,0.04293210877794326,0.004271904488819428,-0.05942574257425746,0.042787142173083687,0.0042574797725020526,0.0,0.0,0.0,0.0003069306930687323,0.0005757917365773356,5.7293419171004224e-05
ALA 147,R ALA 147,0.0,0.0,0.0,-1.980198019802202e-05,0.0001393192799947709,1.386278649080756e-05,0.004564356435642846,0.019124094926664136,0.001902918568113699,-0.00403960396039604,0.019201341120693945,0.0019106048516998827,0.0,0.0,0.0,0.0005049504950488178,0.0005907498570376994,5.878180778637452e-05
LEU 148,R LEU 148,0.0,0.0,0.0,-0.0001287128712871717,0.0003348818717879883,3.332199167561817e-05,0.017900990099011516,0.03538571198776599,0.0035210099429886597,-0.016841584158415843,0.035586940722204405,0.0035410329504391713,0.0,0.0,0.0,0.0009306930693083671,0.0007867394267469848,7.828349886177373e-05
ASN 149,R ASN 149,0.0,0.0,0.0,-0.00010891089108910571,0.0003115273806445903,3.0998132951007093e-05,0.03755445544554504,0.059693685960203816,0.005939743755111869,-0.037118811881188166,0.0594877950921447,0.005919256848027524,0.0,0.0,0.0,0.0003267326732670577,0.0006909444088069447,6.875153831305644e-05
PHE 150,R PHE 150,0.0,0.0,0.0,-0.00015841584158417615,0.00036513047355619477,3.633184004673988e-05,-0.09054455445544557,0.03997338836372082,0.003977500804060945,0.08978217821782174,0.03972793713892993,0.003953077494355991,0.0,0.0,0.0,-0.0009207920792084789,0.0008166966585088885,8.126435483365714e-05
ASN 151,R ASN 151,0.0,0.0,0.0,-5.940594059404847e-05,0.00023638289873883413,2.352097753747819e-05,0.013732673267326315,0.04952784816988128,0.004928205088010562,-0.013425742574257412,0.049375976548238075,0.004913093296843313,0.0,0.0,0.0,0.00024752475247396714,0.000651060682089874,6.478295917629073e-05
SER 152,R SER 152,0.0,0.0,0.0,-2.9702970297026433e-05,0.0001697666158364392,1.6892409641334912e-05,0.04409900990098933,0.04129500364151203,0.00410900643931614,-0.04408910891089106,0.04115705225949868,0.004095279763761725,0.0,0.0,0.0,-1.9801980198641986e-05,0.0005966938286470797,5.937325506726309e-05
GLU 153,R GLU 153,0.0,0.0,0.0,-1.9801980198026416e-05,0.00013931927999480184,1.3862786490810638e-05,4.348910891089107,0.20271401593784194,0.020170798483497322,-4.345811881188119,0.20221808210478448,0.020121451222719765,0.0,0.0,0.0,0.0030792079207906716,0.0007403928354789345,7.367184066665657e-05
THR 154,R THR 154,0.0,0.0,0.0,-3.960396039603964e-05,0.00019502688716427948,1.9405900581934525e-05,-0.07348514851485131,0.021509663433385583,0.002140291506511854,0.07333663366336632,0.021432961211450288,0.002132659350172118,0.0,0.0,0.0,-0.0001881188118811718,0.0005752807543100912,5.724257453505963e-05
VAL 155,R VAL 155,0.0,0.0,0.0,-5.940594059403967e-05,0.00023638289873879916,2.3520977537474712e-05,0.022425742574257994,0.022060827940017885,0.002195134424714142,-0.02227722772277231,0.02202074575938854,0.0021911460986750505,0.0,0.0,0.0,8.910891089173444e-05,0.0005468000503554369,5.440863857123545e-05
PRO 156,R PRO 156,0.0,0.0,0.0,-9.900990099013208e-06,9.900990099013207e-05,9.851853368419025e-06,0.024425742574257905,0.014517552731775405,0.001444550487895115,-0.024465346534653435,0.01446235424218505,0.001439058032896533,0.0,0.0,0.0,-4.950495049453841e-05,0.0006352085121716715,6.320560931487677e-05
GLN 157,R GLN 157,0.0,0.0,0.0,0.0,0.0,0.0,-0.0699801980198021,0.03905644055051209,0.0038862610864985035,0.06983168316831685,0.03898897262401064,0.0038795477768969735,0.0,0.0,0.0,-0.0001485148514853652,0.0005519746481102874,5.492353029228079e-05
LYS 158,R LYS 158,0.0,0.0,0.0,-7.92079207920573e-05,0.0002700630039006353,2.687227325809575e-05,-5.462415841584158,0.31749250454481726,0.03159168496350072,5.45652475247525,0.3168807313519636,0.03153081125561443,0.0,0.0,0.0,-0.005970297029702792,0.0010666450182434174,0.00010613514619044126
SER 159,R SER 159,0.0,0.0,0.0,-9.900990099004414e-06,9.900990099004413e-05,9.851853368410273e-06,0.006574257425743011,0.037152707758055736,0.0036968325936268644,-0.006564356435643502,0.03705185444286321,0.003686797313689611,0.0,0.0,0.0,5.540122815951276e-16,0.0005628780357844214,5.6008457915784836e-05
SER 160,R SER 160,0.0,0.0,0.0,-2.9702970297026433e-05,0.0001697666158364392,1.6892409641334912e-05,0.06474257425742562,0.03898683541847751,0.0038793351169981146,-0.06452475247524758,0.0388823037605903,0.003868933828282907,0.0,0.0,0.0,0.0001881188118810135,0.0006404341239128272,6.372557711728157e-05
LEU 161,R LEU 161,0.0,0.0,0.0,-2.9702970297035225e-05,0.00016976661583648946,1.6892409641339913e-05,-0.016425742574257343,0.020979172384857227,0.002087505674275933,0.016306930693069332,0.02089992305365416,0.002079620071091301,0.0,0.0,0.0,-0.00014851485148500464,0.0006195836771147433,6.165088011762274e-05
GLU 162,R GLU 162,0.0,0.0,0.0,-9.900990099004414e-06,9.900990099004413e-05,9.851853368410273e-06,3.809237623762378,0.24122669788511147,0.024002953566723526,-3.807524752475249,0.2406529317206127,0.023945861699507482,0.0,0.0,0.0,0.0017029702970293922,0.0007903446353864662,7.864223052924878e-05
GLU 163,R GLU 163,0.0,0.0,0.0,-1.9801980198018722e-05,0.00013931927999474774,1.3862786490805254e-05,3.496970297029703,0.1916628359440007,0.019071164974539655,-3.4957425742574255,0.1912081263790187,0.01902591968174953,0.0,0.0,0.0,0.0012079207920793476,0.000708041947674763,7.045280701651043e-05
PRO 164,R PRO 164,0.0,0.0,0.0,-1.980198019800883e-05,0.00013931927999467813,1.3862786490798329e-05,-0.05511881188118826,0.006459756806127994,0.0006427698261809452,0.054990099009901004,0.0065408011885559475,0.0006508340436382868,0.0,0.0,0.0,-0.00014851485148538278,0.0006033920390176844,6.003975190992328e-05
ASP 165,R ASP 165,0.0,0.0,0.0,-1.9801980198013223e-05,0.00013931927999470906,1.3862786490801405e-05,3.502435643564356,0.09702050572699458,0.009653901141134085,-3.5012574257425726,0.09682551965648639,0.00963449930196123,0.0,0.0,0.0,0.0011584158415844836,0.0006560106444955433,6.527549884466894e-05
PHE 166,R PHE 166,0.0,0.0,0.0,-9.900990099004414e-06,9.900990099004413e-05,9.851853368410273e-06,0.05376237623762369,0.004832129503812876,0.0004808148564204753,-0.053702970297029695,0.004783520710236094,0.0004759781006824615,0.0,0.0,0.0,4.950495049499294e-05,0.0006803644571329225,6.769879377442878e-05
TYR 167,R TYR 167,0.0,0.0,0.0,-9.900990099004414e-06,9.900990099004413e-05,9.851853368410273e-06,0.04696039603960391,0.018611143681947544,0.0018518780115879476,-0.04681188118811876,0.018584414246803075,0.0018492183333837424,0.0,0.0,0.0,0.0001386138613862113,0.0005975147037468946,5.9454935192546406e-05
LYS 168,R LYS 168,0.0,0.0,0.0,-2.970297029701324e-05,0.0001697666158363638,1.6892409641327407e-05,-3.9064455445544564,0.1818132800891863,0.01809109753628057,3.9046138613861396,0.18157163004598978,0.01806705245828093,0.0,0.0,0.0,-0.0018613861386144479,0.0006453136925465932,6.421111234355949e-05
THR 169,R THR 169,0.0,0.0,0.0,-9.900990099013208e-06,9.900990099013207e-05,9.851853368419025e-06,0.0799603960396046,0.009837210415258249,0.0009788390211103008,-0.07983168316831683,0.009947455326060634,0.0009898087997382765,0.0,0.0,0.0,0.00011881188118851025,0.0006492513390393586,6.460292281377964e-05
LYS 170,R LYS 170,0.0,0.0,0.0,-9.900990099013208e-06,9.900990099013207e-05,9.851853368419025e-06,-3.3770693069306916,0.07894781550365938,0.007855601251197785,3.3761287128712874,0.0789473647647328,0.007855556400998283,0.0,0.0,0.0,-0.0009504950495049865,0.000569457578001496,5.6663146835839436e-05
ILE 171,R ILE 171,0.0,0.0,0.0,0.0,0.0,0.0,0.06208910891089152,0.005551021687960926,0.0005523473023183351,-0.06190099009900988,0.005587299867716395,0.0005559571161233165,0.0,0.0,0.0,0.00018811881188165436,0.0006404341239126733,6.372557711726624e-05
LYS 172,R LYS 172,0.0,0.0,0.0,-4.9504950495066036e-05,0.00021691982475459368,2.1584329292465415e-05,-4.404237623762375,0.2252540545240118,0.02241361614969804,4.401217821782178,0.22462512682953623,0.022351035505102416,0.0,0.0,0.0,-0.003069306930693479,0.0008589358572007005,8.546731219195935e-05
LEU 173,R LEU 173,0.0,0.0,0.0,-9.900990099004414e-06,9.900990099004413e-05,9.851853368410273e-06,0.08916831683168289,0.008261888292457872,0.0008220886112356087,-0.08874257425742574,0.008216927065692017,0.0008176148019606595,0.0,0.0,0.0,0.0004158415841581502,0.0005675608177421369,5.647441213594196e-05
CYS 174,R CYS 174,0.0,0.0,0.0,-4.9504950495039656e-05,0.00021691982475447808,2.1584329292453912e-05,0.04454455445544648,0.008311419738457983,0.0008270171743211074,-0.044376237623762346,0.008290339702278758,0.0008249196323241774,0.0,0.0,0.0,0.00011881188118940364,0.0005850806614920171,5.821770174572185e-05
ILE 175,R ILE 175,0.0,0.0,0.0,-9.90099009901057e-05,0.0002986753094851361,2.9719304073518878e-05,0.0871782178217814,0.007760519579936177,0.0007722005597389299,-0.08668316831683168,0.007706151192352427,0.0007667907029771716,0.0,0.0,0.0,0.000396039603959594,0.0005815514913103592,5.7866536187588874e-05
LEU 176,R LEU 176,0.0,0.0,0.0,-8.91089108910749e-05,0.0002849008825729874,2.8348697368377143e-05,0.10884158415841537,0.00984205230274923,0.000979320806922735,-0.10800990099009898,0.009636456200752557,0.0009588632301578452,0.0,0.0,0.0,0.000742574257425419,0.0007791016068481501,7.752350737662709e-05
LEU 177,R LEU 177,0.0,0.0,0.0,-8.91089108910749e-05,0.00028490088257298744,2.834869736837715e-05,0.1002079207920793,0.009496551569728147,0.0009449421990626557,-0.09970297029702971,0.009443468647071684,0.0009396602508418337,0.0,0.0,0.0,0.0004158415841583085,0.0007212108456027408,7.176316133575216e-05
HIE 178,R HIE 178,0.0,0.0,0.0,-0.00010891089108909251,0.0003115273806445526,3.099813295100334e-05,-0.035346534653465135,0.027716541025301782,0.002757898910415618,0.03544554455445546,0.02768617457012114,0.0027548773351916593,0.0,0.0,0.0,-9.900990098500967e-06,0.0007642384354599688,7.604456654705656e-05
ALA 179,R ALA 179,0.0,0.0,0.0,-0.0001386138613861805,0.0003455431359726816,3.438282711146053e-05,0.11960396039603986,0.011360936378854415,0.0011304554212569747,-0.11796039603960395,0.010834416003651901,0.0010780646857839928,0.0,0.0,0.0,0.001504950495049724,0.0009912864166967377,9.863668507632504e-05
PHE 180,R PHE 180,0.0,0.0,0.0,-0.00025742574257423787,0.00043721588447164243,4.350460651998383e-05,0.09306930693069355,0.013988154412791817,0.001391873386312783,-0.09318811881188117,0.014073859534743913,0.0014004013646861648,0.0,0.0,0.0,-0.00037623762376207316,0.0007816140339012576,7.777350321218026e-05
ARG 181,R ARG 181,0.0,0.0,0.0,-0.00022772277227720703,0.00041936274424842477,4.172815267157029e-05,-5.189881188118811,0.15042700194265463,0.014968046134473164,5.186049504950492,0.15058272133660963,0.014983540793295383,0.0,0.0,0.0,-0.00405940594059487,0.0008767828476550359,8.7243154115498e-05
ILE 182,R ILE 182,0.0,0.0,0.0,-0.0005643564356435505,0.0004958409515068758,4.9338018717844915e-05,0.10841584158415803,0.02318042334108549,0.002306538330919175,-0.10553465346534652,0.022446223681349648,0.0022334827342715075,0.0,0.0,0.0,0.0023168316831680223,0.0013996512512528562,0.00013927050483205375
ARG 183,R ARG 183,0.0,0.0,0.0,-0.001118811881188123,0.0005129439147322713,5.103982716505115e-05,-7.157584158415843,0.310503209190103,0.030896224082370458,7.160831683168319,0.3140638791460422,0.03125052398519275,0.0,0.0,0.0,0.0021287128712837856,0.005615860436507134,0.0005587989989353501
ALA 184,R ALA 184,0.0,0.0,0.0,-0.00020792079207918062,0.0004058198323151784,4.038058256783841e-05,0.0944356435643571,0.016039194469776582,0.0015959594998438088,-0.09252475247524748,0.015842413344635917,0.001576379046059176,0.0,0.0,0.0,0.001702970297030232,0.0010858637521470656,0.00010804748168872923
VAL 185,R VAL 185,0.0,0.0,0.0,-0.0005247524752474978,0.0004993869391254592,4.9690857673496386e-05,0.06841584158415895,0.020318877398791783,0.002021803867511503,-0.06514851485148515,0.020109298444574063,0.0020009499821383083,0.0,0.0,0.0,0.0027425742574262364,0.0015328318796326095,0.0001525224726573928
THR 186,R THR 186,0.0,0.0,0.0,-0.0012772277227722465,0.0006311832653666105,6.28050822877958e-05,0.21445544554455448,0.03561858585717415,0.003544181759057583,-0.20638613861386138,0.03414876316477321,0.003397928934862231,0.0,0.0,0.0,0.006792079207921108,0.002381100634444826,0.0002369283684905202
ILE 187,R ILE 187,0.0,0.0,0.0,-0.0005544554455446253,0.0005535707227126774,5.508234565105356e-05,0.144960396039604,0.029808272090003137,0.0029660339305451564,-0.14305940594059413,0.029588873270695072,0.002944202932075188,0.0,0.0,0.0,0.001346534653465366,0.0013529260081228446,0.00013462116936845722
ASP 188,R ASP 188,0.0,0.0,0.0,-0.0004158415841584404,0.0004928664738476983,4.904204712861188e-05,6.236128712871287,0.27896018607177614,0.02775757597293159,-6.225950495049507,0.2771681898595693,0.027579265685345467,0.0,0.0,0.0,0.009762376237623663,0.0020688568367387963,0.0002058589493775298
ARG 189,R ARG 189,0.0,0.0,0.0,-0.002158415841584237,0.0008050911425843354,8.010956283800669e-05,-7.900940594059409,0.40104936171285904,0.03990590300142729,7.904049504950497,0.40198412303593595,0.03999891522947043,0.0,0.0,0.0,0.0009504950495041423,0.005015572260615427,0.0004990680929497938
VAL 190,R VAL 190,0.0,0.0,0.0,-0.00179207920792074,0.0009679705388197209,9.631666851532244e-05,0.06853465346534567,0.028442251500618465,0.0028301098016421246,-0.06198019801980196,0.028020848037011038,0.0027881785898048552,0.0,0.0,0.0,0.0047623762376228645,0.0027255611279894455,0.00027120346865401867
MET 191,R MET 191,0.0,0.0,0.0,-0.00048514851485151523,0.000499779384717812,4.972990746944888e-05,0.07587128712871369,0.040439335660224694,0.0040238642929308595,-0.07426732673267328,0.04059163721341534,0.004039018863886004,0.0,0.0,0.0,0.0011188118811894514,0.001359143066605305,0.00013523978980883308
SER 192,R SER 192,0.0,0.0,0.0,-0.0004554455445544767,0.0004980109441568272,4.9553941056763315e-05,-0.14409900990098942,0.02775654590549439,0.0027618795447737717,0.14749504950495046,0.028667304231968498,0.0028525033853872865,0.0,0.0,0.0,0.002940594059406483,0.001928533953929081,0.00019189630067421534
TYR 193,R TYR 193,0.0,0.0,0.0,-0.005306930693069303,0.0026051836151150575,0.00025922545843651886,0.04653465346534558,0.09057894804445679,0.009012942195433287,-0.054366336633663345,0.09584225104096597,0.009536660417920319,0.0,0.0,0.0,-0.013138613861387281,0.011465859527844322,0.0011408956647928647
LEU 194,R LEU 194,0.0,0.0,0.0,-0.00080198019801985,0.0005973506189702989,5.9438608147040406e-05,0.035990099009900335,0.033786603194694384,0.0033618926709588545,-0.030069306930693086,0.0334753514835229,0.0033309219681456424,0.0,0.0,0.0,0.005118811881187207,0.002811881188118665,0.00027979263566299225
ASN 195,R ASN 195,0.0,0.0,0.0,-0.0002970297029702863,0.00045694973303817476,4.5468197842951005e-05,-0.11361386138613785,0.05626475081344963,0.005598551955728013,0.11291089108910887,0.05568637407500895,0.0055410013192579285,0.0,0.0,0.0,-0.0010000000000016794,0.0009950371902092247,9.900990099002295e-05
ALA 196,R ALA 196,0.0,0.0,0.0,-0.0003069306930693039,0.0004612203841129507,4.5893143507532235e-05,-0.0414950495049508,0.06066114677425604,0.0060360097041171476,0.04203960396039613,0.05981819333036145,0.005952132701488077,0.0,0.0,0.0,0.0002376237623759652,0.001275422778683938,0.00012690930980314825
SER 197,R SER 197,0.0,0.0,0.0,-0.0006633663366337057,0.0005317117458256927,5.290729615680452e-05,7.5566534653465345,0.5205003768394146,0.051791723247353164,-7.532148514851488,0.5159552399447856,0.05133946522287803,0.0,0.0,0.0,0.0238415841584167,0.004736069041483335,0.0004712564831678094
UNL 198,L UNL   1,0.0,0.0,0.0,-3.7580198019801965,1.9141399794670253,0.19046404668374753,-26.40512871287129,10.859498171093689,1.080560454725558,28.63730693069308,10.43592166912014,1.0384130174892843,-1.5431721504950489,0.2646577032780079,0.026334425743717804,-3.0690137346534647,1.9036092638352697,0.18941620131443526

